id,polyline
6679367265,efyqFzj_aSBI?B?APEJANDF?NMPAPIb@@\CLIVIN@fBVLARKFKDCVAZe@REDIPQBIHKNAJEN@NKDIJAZKTCJGXBFDJLDPAZHZ?XJf@HLL`@F^@^CVB\CZ?`AA\I^?RI^g@nAGXFZNTDNPX\Rb@DNHp@HTC?DKTABB?@ECB?D?A@@G??A@BB??CB?@BA@?C?@ABD?E?ACBGHKDC?FUR?A?BCC?@@A@@CHAA^Px@T`BVnBd@tAV`D~@zB`@l@Vh@`@tAnAbBvBz@|@zAtAtAfAPTNVt@hBj@jArAbCv@lAl@pAj@bBj@hCb@`EPv@Tr@LPl@j@l@z@Xl@Rn@j@xAHJJE\YLYD]A{@Ky@iAaFAOH]DENAF@FDLXp@dCv@`Ed@pBd@`DTnAz@|CvCbMbA|DpE~LnApCx@tBtJrSz@nAJTHXD`@ZtCb@`DXpA`@nAT`@jArA|CtD|AxAlCxBf@f@r@xBbBzDVt@j@pATr@ATm@f@kAxAqAfAgD`DiB|AwCxCmCvBuBtBcAx@iE~DuDbDyDvDkA~@CF@NVZh@`Aj@|@DPEC@B?CFE@SFBG?FC?AA@FQB@IPFIBKD?DG?CC?DE?BCE@BC?@GBFA?B?CCBBEBAGBA?@?AC@AD?AKFH??KCEF@FD?CCA@A@FACABB@?CDA?@E?ACCAD@IMDF?BE@AA?@?GDDE?BEA@CCD@AB?ECDB@ECF@AA?@AAD@G@?C@@CA@BBAGEFHEE?DACB?ACDBGCCFBIDDMAHBEEBDEI?DF@ICBD@E?D?CF@GAD?IBFAEA@FBE?CBDEB@@?CD@BGDD?FCEBBABAA@B@CGA?C@F?IA@?P@AGJ@BAG@A@DEDBEJ@C@AKC@B?C?H@K?MRERE?OUOk@GAEIOg@m@aAAEDO\SRWLSBKNKJA^]JS?UKOa@iAGu@K_@@GZKb@YTC`@SPGHED?JIRCDBLCJKXAPIJOTQHUTc@Na@nAkBVOLSVITQRERWD@^M\[^OHOLIX]d@y@^ETMXAZLx@Fr@XLOZSHITCPGBYECFMbBuAj@k@^QT_@VMj@{@\YPWFGPCVKlAeAf@m@NGFKHADINOJQRQLCFEDM@DJORK^i@@@?JJZBCBFAABGH@GKC?@BC?@KAHCEDJ?@MJADAAC@OKBIPIPFDCEB@@CHJCQ?UDGHCA@DEADA
6672899881,cwuqFj|faSB??B@ENK@GD@?BACBBBA@CACL]BANFAKDCDQD?NMEBAD@??CDFF?NK@CCGDCFB?EEDAOFGD?AAMLCCGK@AEAILCECHBSAKAH@A?@BCA@C??KA?BDAI@@BA@GBBEBAEDJEHAA@D@EEE?FAKDGAHBACB@F?A@@BCT]t@WH?PKDE@IPK\KBDB?TWRIDIPKFCH?RILCd@YTG?CADB@JMHILEj@ITOLL@RITARB@CHQPQHKCE?OT@LAP[XIDECe@NY\OD]RUXUPIJAAKHYb@CFCAKVe@l@Mj@GNg@VMLu@Pe@Fa@V]LYPMDGAKDORAH@HCL@NDL?JJ`@ABACGF?B@B?EB??DBKD@BBLp@LTENKBQPQf@GLIF@BJDLLBHADb@r@JXP`@@HENGD?JQHKBALBBA@DBBC?@AI?FBICGAB@A@B?A?DB?CHM@GLE?KQ@C@JDIC@@BBAEFC@ACD??CADBFCC?CD@@DF?HKLA@GQHAB@BCAAC@??BKACAB@@CBHB?DIH@@ECCADI@CDE?A@AABMADGC@BCA?@DKB?CFDBC@@A@FC??BD?ACBD?GCEAB?ABDD@JMCA?HEHA?KMDBBAA@@DJIB?CBAEDBBCDB@GEA@E?@CEA?A@AA@EA@?AD?BPK@MFIM@@KD?IBBEKAFHHDA?CEB@CGAJB?CECEDN@JP?INADG@@BA?EIC?FB?CAB@?C
6669515225,wyuqFntgaSICEDBDIXBNKRQLE?_@d@k@d@SZUPMDYZm@b@MLMVGDC??CMAUBUAMBa@?OAK]QLINK@GDO@GCK@GAEI?MCL@FJDf@?JFIFKMKEe@IACCOIBAC]DSASBCHCT?bAAA@AB\Vz@FV?`@Eb@?X@WF[?SCIC@ACE_@Ke@IUGm@B}@H_@HOA@?@D?BKBAT@RETQJQTGNQPYRKJMLSZ[@Ir@o@h@q@JA?CE?@DFEbBuAv@{@CBB@PB^lA@FALONg@^q@v@WNEL[^QN[\i@b@@JXb@Tj@DBJ@BMD@FCLMXi@ZSLQ@BADA@BIRSPMVKJODDLt@Xf@XPDRJPBVJLPBFHD?DC@XDLD?@ODMX_@HWHGHBAL]l@CLSVKHKVMJET_@^GLWVYLOLQDQLKJANGH_@RCLKL?LBHh@b@BVETDH?HKJK?FFJ@@EBi@DOL@LJNBJ@PARDDE\ELB@B?DGABB@GY_@ECOAOBOEWFi@EGEUUMICO@KHOr@q@NUZW^QCGBEVOh@q@JG?EJ]N[h@s@HSEYm@cAGWUe@W]Uk@GUIAGIFKBCB@?MC?EB@C@FBAAE?@B?ABBAQIAG@@@ABJBFHWD@A@AAJ?
6669393659,{kuqFdnfaSQIWFMEYBWA]Bg@EKFITE\M\GZMb@Gt@?XEh@IPCJDb@BA@CECGCB?AIC@Gl@Uf@QRYXUHADaAj@iAnA_@LAJJBFNNVN`@@b@H~@FVDLPT\l@?BIJ_@Zq@r@Yj@QPAHJd@P^j@hBD@NMH@?EAAGFME_@i@Se@]q@CWJSXQ^o@dAiADKAMKSGa@OWM[K}@Ok@k@g@e@y@SIWSQ?UMEKAQJc@PSHG@@BAj@q@PKVYVQRi@f@u@DUHADFDCC@GJAWRB?BCA?BU@?LNNFJHA?B@@E@ECCGBMKQ@KGIGCARK\O^s@~@Wh@WFGDa@h@OF]VKT@RJPZPFHZHTXTJn@x@HR@LAPL~@FFJ\f@fA?DCLA?ACE??FGT_@d@IV@HDDDNNZN^NVRd@@HALGFCAEJBHOFI?BFAAB?
6669331658,_|uqFzrgaSJA?GEEBBCBCISUIQIEAQSUNC?D?CGBMGCB@@HMNELYPGP]E??@HCB@NVFBFEB@@LILJHVj@JB@RLd@DDB?AEEACCAMDLX\GA@@B@c@q@ADHHEBATOLHLUDG@BCAA?NR@?FFDDMAC@GEC?C?KBEAIHE@C?C?DDMF?CDd@t@JZBL\j@HZNMGG?GCDBFGJ@AECCHF@?IBA@@?DE?CO@FDD@GAAA@AEBBA@JA@@GFEIE@J?CBGUUYQg@_@e@Yo@CJ@TIP@NAFWLCCDKABDI@BAGDF?MJGAOJGDG@OUC@BBCH@HJ?@C?EEBHH@AGABE@@@EDB?EEAFG@BFHGGOBK?EAHF@C@@ECGGEE]Lt@IXI?CD@ZMLACDEADCCG?EJGWIQBEDLCHD@GIAJBFABDAHL@AAAIDCGCBD?E?@BFCDNADA@CC@@AGD@@HAG@FAE@BB?AE@DEOAK@E@@A@AAFBCA?E?RB?EEBHDAEC?NCEBKDEGAAB@DAI@GDD?C@D?GCA?DAAJGGHK?CC@FAA@@M[CQIGE@CAA@Ia@S]?C@F?EYk@EAIBAAIBGEC@BDC?B??DDE?U?BB?C?LDBEA?GFDDA?DEJ@HFBNECEKAI@KPO@IPO@G@Qq@oALLDNNR@NJT?AAAAD@G?DD?DBT_@HG@QHA?EB?DCb@IBGCACEBACAB??CFAKCIQGAUy@MSIkBABDA?OWGQ[WSWYu@e@Uc@B[HK?AA?DONS`@q@PODOPOFQ?OCMO_@Ok@ABDDABJRJd@HJFLJ@RQ@Qh@{@DUCWOg@AWGQAWG[A@YI_@D]NM@IAIHK@M[?U?QA@D]HILWNUVo@B?ACTo@@UFQ@A@BFGN}@JGBIB?EGC?FFAC@ENGVLLNRNPDH@PA\Mp@c@j@HV?FVAZLd@L@`@HZGRD`@G\FREXHXEDDDZCXED@J
6652741731,}p|qFfv~bSCCB@BHAbAOzA_@fAIN[b@aAbAU\MXq@M_@MG?KRa@vAMz@Uz@]rBEh@Qp@An@|@sFp@wCVw@BQHGD@h@V^FAEHABCzAkBj@_AVi@JClABrBVb@BR?`AnA^\jA|AnAnBpAhCnCfFf@hA`@d@DH?RJDDCDOEYeCkF{@yA}BiD_BmBkAoAoAiACGK_AMUu@i@qAu@GGCg@FuCBuCTkCh@wD@[AuAI{@UiBMmBGwB?wAEcAOyACUOe@a@u@w@kBMk@Gq@Bu@D]J[|@{BJ]X}C?}BO}D@u@H{A?y@Ky@e@wBc@iAi@cAMc@MeAI_CGk@_B_FG_@H[tAoBVk@|@yC|@wB~@oCT_@hAkAv@gADM\qBHYHIEB?BDGTcDTcA^qA\iC@W?cAIsB@k@Go@@yBIk@@KI]IQMQ]YGOAMNeGT}ELqENgAd@_BtAsCN_@Ja@LiABe@?mAT{CTmANc@Rc@j@aAZ[`@Yb@WjAc@~C}@~Be@f@QjBaA`Am@^YdCoCb@k@dCgEdAwBPk@|@qDTg@r@gA|@y@`@WzDoB|BaAf@Yb@]`AkAtCmE~@oAhBmBfA_ApDkDdA}@lA{@jAq@nNaHh@OpAUpFa@jAM`@Qj@u@hAmAf@}@Na@Do@?qDDy@TkBNu@Rq@Tq@lAkCp@mAZ]hBw@ZUTWN[F_@L{BXaBNo@Tm@`@g@rBmBbAmAb@_@hAy@f@UtA_@rAk@|CuB|CgBdAq@t@}@jC{Dn@eAf@kAf@aBZw@l@m@XSZM^K^E^A^D`AXtBhAXJXBXEVGxBcAdA]`Bc@`@U^[Z_@Xg@|AwDr@sAzByCXc@Pc@PmA@i@IaDCkDBy@D{@Js@Lm@d@yAn@sAXe@~@oAbCoCjAeB`@eANu@J_A@_@GeAIa@K_@Q[UYiAy@YYS_@Oc@Ge@Cg@?k@H_B?s@Cs@Is@Mu@_AqEg@}AWg@uAqBWg@Qi@Mi@Gi@Cg@Bi@`@oD?m@Am@OwAy@_EGk@Ck@Bk@Di@Li@t@iCtE{LxDeJTo@Nk@Ho@Dq@@q@M_N@u@Fq@Jq@Pm@`AgC|BoFpAoDrAeDhDkJRc@h@aAXa@~@w@|FgDrA{@r@m@ZYl@cAb@mA^_BZoBPkBBs@Cu@WaDCu@@u@Dm@Hi@Lg@d@oAp@uAnDsFnAyBrB_E~BcEr@q@\SbA_@d@Kd@Gf@Cd@BhAJjANhADb@Cb@G`@O^U\]nByC\[|@]t@OXDj@C^@JDA@B??Bh@Ed@KbA]`C_BrAq@t@e@ZWV[Ta@Pa@^oAv@wDVwATiDPwAJi@rB_J`@cAP]V]v@m@`@S`@Mb@G`@C`BD~APb@@`AQz@]zCeBfDcBz@q@t@{@|DkG|@aBNc@Jc@RqADuACg@Ke@a@eAm@eAwAoBy@mAmAeBU_@]cAMiA@kADe@Je@Na@P_@R]XYnAaAXWTYb@_ALa@Jc@Dg@?e@Ce@MgAKc@o@uBKk@Gk@UoEG}BBqDF_CI}C]aG?g@@i@Fe@VgAP]RYn@i@\Mb@Kd@E|BDf@Cb@K\QZUXYTYN[N]F_@Dc@@c@EiAQgA[gAiAyCq@wBWkA]oBKoA@sADi@Jg@`BmFl@wCFkA?gAE][u@Q[o@q@mBcAkAi@YQUUUYO_@uAiEg@w@WYWSw@]yAc@}Bg@cAY]Q]YYYi@y@c@cAeAaD_@}AW_BIq@Es@AsCKsCQaBMo@Qm@k@kAYa@eD}Di@eAg@_BI_@MiAIuA?yABi@PwAX}Ab@{Aj@yAvBsEf@kALg@Hi@Dm@FoJJ{FCwCGo@o@}DGm@EaBEeEQkIm@aLw@kJGgB?q@NkChCy^TwAZyAb@oAb@kAP_@~@yAlAaCxN}Zb@eATeALmA?i@Ck@Gk@i@}CIk@Ck@o@sD[eCUaCIe@Ma@a@_AS[WUu@_@]I_@C]@]Dy@T{@N]@]C}@S_@KkD_Bw@m@WYS]m@cBe@uB[_AOWg@i@WMYI[E]A[B]DwHxCeBf@c@Fc@@c@Ac@Ia@M_@S_@WY[U]Qa@a@iAMi@Ii@IuA?i@Di@n@iEDi@?aEBeALgAZoB^kBJa@Na@R[j@o@r@a@dDkA\S\YfA_BR_@hAmBN[V}@D_@@iASuIFuAFi@Ji@Ng@b@iAbAwCx@gB|@yBPy@B]@aAGeAY_AO]g@u@eCyCWa@c@eAMg@MqACoADmAr@{C\iAt@gBn@_A~AoBh@s@`@y@L_@Ha@FmACgC@}AH_BNwA`@{Bv@}CVwAp@}B\yAb@{BPcB@_@CcAMiAKc@_@aAQ]S]aAkAS[a@{@Oc@WoAGi@[yFQgAYeAM_@i@aAiAyAkB_COYK[K_AAc@Be@Di@p@{Cj@kDZmAP_@RYl@e@VMVGZC|@B\DxBv@`AR~@N\@ZAZIXMXQl@k@RWN_@\iATsA^kDHqAC_C[oEEeCDwAVeCt@eEp@wCHc@DgA?e@MiAMc@Oa@S]WYWUmBkAeBkA{BcCq@_AcBuBqCuDg@{@Q_@Oe@Ig@OqA?g@DkAZqE?a@Cy@I[KYQYi@m@s@g@{CcBeDuB]Q]K{@KwPJe@PgAPe@@e@Ai@Gk@Oi@We@Y_Ay@[c@Ue@e@oAMm@[oCOo@Qk@}@qBm@}@e@kAQk@_@yAs@aCi@uAqBqESi@a@uA[yAa@yBYqBUiDCaCN_E?gAAcAMcBQcA_@gB_A{EEMIAI?F?GCAGg@yDUiAk@wA{D}HoNa[qAoC_B}Di@uBCCM}@a@mADOHKb@g@hAgADQAKKBcAj@y@x@IBG?GGqBuD_B{DhAoARWP]R[pAsAfBaBnAw@bA_ACJEk@I[gAaDuD}HYa@]]cBqAeB{A_@a@eEoFk@eAa@sA[yAaAcIMc@oAuBeC{FiEcJgAkCs@kBqB_G_BiEeAwDaCaKw@eCq@gC{@qF}AaH[iBa@iB_@sBYyCg@sDYcDaAqGWcCe@mCq@mFUsAS_CiBgMKg@]oAOe@g@_AQe@e@iBkByFe@mBeBcJUcAmA{GYsB[eBqCeMm@aDu@gDBOHBEe@As@BsDCuFBmBA}ABuCA[DsBBcEKgGAoEC}AAmF?c@Fa@FeACc@@gAEwDYiGAmFIgFFyD?wHGkAw@mHW_DMcAWwDu@mHWiBQsBKyBc@_FeBqLOgBSkG?uHEkDQwD?g@CIFFA@ECC]PuGC_EC}@?CBDAHDUCUIKKEYE{HH_BFiCIu@EsBHsBAgB@}AAcBGoCBuHBc@A_@Gc@CeAA_@Ea@?wBJ_@?cBLcABuEGe@BEFICg@?QEe@EwBDyDEcC?IAIKGg@CkCFw@H]?[GIGAa@BEEAMDCJ@AB?IALBC?H`@TCBETKBIACAF@I@@CF@EC?AAB@AAI@BC?GFDACEB@?ECB?FD?@E?@
6611736173,u}uqFpzfaSZa@?EFCBKQ[MECC@UCSM_@A[EC?II]@EQg@MQKoAGc@@GFK?IROR[JIDABEZM@[HSDANy@L]FKHk@DIL@HDF\LVVBLAD@J??BJAPEXWd@Sx@M@DCBG@HBBB@LC\@LBHJHFHNDN?JBFCBFFA@@FEHFF@p@AD@P?NEZBXEDFCD@A@ZC`@H^En@J^HDFCB@JGF@LEh@EH@@D^JBT?PK^ED[LW@a@PQLK@GAIBMLI@MLq@NKHITWJUNYAGDs@\UV?BQDMLOHEAEKDQCPBZIR@DAFSXWx@?CC?CDA?HIBMDEP]EH?HA?EH?CE@?D@I@BGD?D?EC@MJCLUXMBe@Xa@f@a@PMNEBSASNC@CGED?DECB@?CBCAF@BBIED?@PXFFJPX\FVCDKDKA_@KSIE@q@p@]NEDUBQFOJG@Y^EDK@CF@JOPQF_@?e@Pa@DQDQLSFGJENATKHETKHQFM@MD_@IC@@HCDGDQDCHKH[DIJQHGHEJCRw@~AUR_@r@MHK\CZAFEDETOTG\@HB@ET?\YPM\AZE^Q`@Il@?TGPAXKTI`AId@?PBRANEDAJIZAVS`@Eb@@HGd@@FCFEBK`@E@CTMPUd@STI?AI@EDBAE^BJELMDMAGPk@Fa@Ri@Bi@Nq@FABKJeCFk@HWHgA?AC@?CHWJKBMDU@SZsAACZe@AeADUJUH[JQHW?GH@FG\aAB??B@?LSFYJIRa@JGBKNOE]B?JFFAHO?KFAJ@PIH]FGPFXOXAf@[NCLOHg@FSLOB@\QNCVKF?l@Qh@URSPOBBRUTM\En@_@B@@DVe@X[HO?EHGLEZLh@IBEDARSR[@WCMAWEOC?_@LACHKj@_@RQNGHMD?HIHMAEHIJUBAFKNc@ACCD?B?G@EEFB?BA?ACB?EEBB?@BCAD@AAYbAKNSRINYV?DG?_@Ri@TILGBGLKDACC@GRK?IDCFYF@FLX\TJJBD@ZCXFb@AZBLIFIAIFc@`@UFABHTDPC`@LT`@XLLHVRRVh@Zb@H\C@EXKHE?FIEBIL?A@BBCBB?EA?@D@AG@?D?E?B@@C@@C?B
6607733804,}zuqFplgaSLe@PKNSLI@EWk@c@o@?c@Oc@EU?MDIPKp@[hA]PINDL?LOPIh@MH?BBE?@ACDCCDA@BAG?@AAC@?BB@NSZm@Vq@JKRK@KAGBITULWL?TUD?DCNQP[LGXG^[VGXQNOXMJKHQB?@Kx@aADICIHKNGLCl@X`@@bAJDDH?\Q@IDEDM@DHBPKFIFALMNGRSNI\WX_@XUFMb@[HMNGp@w@LGHOVOV]b@STY\UHKb@a@PS@BPKD@L]DABDTp@?D`@l@DVIL@HRPXf@D?Rr@BDF@JJDj@@GTBGPPb@?CB?I@DGAAC@?EBA?B@GFCBEAIKUJCA@BCBWG[@LAAD@@GGT?LJDNIPCNa@CNONAJA??CAB?HG?OUD@@DNL@?BGA?@DACDA?JFFBNJDPGEEEMAFACILEADDGQABBCA@EIGACBICKIAMKKJM@OM_@KQAI?BNALFCbAELBJAHFJCDREBIA?ADCCHBFHLH@??CGH?CHCCDEK@HB??AC?EHCA?EFGBBEHC?N@ECEFCEDBACCB?CADCCHD@E?@EEA@EOBA@D@AFD@HG@CG?D@A@@?CEB@@CA?DC?BBACD?@CG@D?A@GGKJD?ACA@B??@?E?DDADI@QB@@DE??@B?CAA@AC@@ADBCAFBACA?CAB?CBB?@?EB@CG@B@E?BBACD@AE@ADBFIQB??@@CC@?D?A@@ECBBBCD@A@?EABB@A@AADA?@?C@?EFCCFCAAA@FKJCLBLSACC@?CMDCDI?KJERDI?BACBBAA@EA?BA@HCA@@@AG@FCG@o@CAVBHHD@FGHODDNHH?DKJYNk@h@k@b@KTQHMTODi@^QFMJW\c@VKNa@\[d@m@j@c@d@EBO@MHGEA?BNADMLMDa@`@[f@m@f@KDUT]TMTg@\UZc@XUXMTwAnAY`@iAz@_@Te@f@OHc@`@WNo@t@u@j@OHS\e@`@MPGDQXg@l@QJILALe@j@ERIPKHi@x@KAACWo@Q]ESi@}@KYi@iA?IHC@IBBI??BD@AABA@LCIB@MBB?ACB@C??GJ??C@@NG?CEBIEBA@DBA
6606947747,obxqFdvdaSFI?SQi@G]M[SKMAsAHMAo@H]EIGI?i@FOJEJMBUEKGOGwALg@IM@FBC?@@BAGEICOAIGy@MYKQAQGSAEBGJ?DCCMDs@DAAKSKAUS{@YQAg@e@WKa@GUDOCW@IDQ?QPUH[TQ?_@Ze@RQLa@J_@TQBMDUP]d@IF@ADAs@lBe@j@UPMXELUh@Kx@DH@JFBBTATGL@NPZNPf@|A^p@FTNRZX\h@FT@\A|@@L@f@C^@HCFE@Ij@IPMx@Ob@E\Mb@MXARO^CZMf@CV?h@Qb@KFCHCDYBg@RO@MOCUMEIMOEKKy@YA@B?[J[?MBAA?CQ?a@QQMi@A]IMGu@@_As@SESMGKWI]QI?B@Ed@?V@HHJd@PHN@^E`@K\EDAD@TDFF@XOHAPFHEHFFN@j@Hv@CLUj@WlA@C@ZK~@?VCV?p@Cf@Nv@Gh@BNA@@n@Eb@@DDDZ?DBZbAC~@BRLb@G\@d@Td@l@l@Xt@NN^r@LZJb@?AANHZLLH@NENKJ?j@XfAv@NPPTDVRVCABERDDE@@A?DARDHHNAn@N\GP@DDJERDNCTBNHNBNHNCZJf@BRRn@FVR`@d@@BA@Rj@XVTJL@HMTUTKH?PDRPPDDL^?TBN?VRP@XIPKXBJCPBPCTRTGNM^c@HC`@EZAhARb@YDAPBRWZCX[@C?B?EHUXIHFDJ?h@BFj@EzAq@n@If@Bv@?RCd@?b@CbADHFDJB^O~@?RCFKFE?AC@ELIDId@}AJUNSPKb@K`@DrBEb@FPFZTTXFRJn@?r@E~@@DTNvA^d@?PENIZYh@m@^[b@WjBk@TMbBaBHCF?FDXj@bA`B?PC?CLQTGl@KTQLYDwBC_A@UDUDQLm@h@GPDDJ@BABDFAJg@R_@JIPERCh@?|CNLCLKN_@Dg@BC@_@Lc@uA}B_@a@CI@Iv@]t@o@Va@n@aBZe@NMtAq@r@Ob@SRKd@c@^o@nAsCP{@~@_APO|@c@REh@CPGdAi@`Aq@TQd@[Z]JGF?JJ\lB`@zABR?PGLgBrA]ZINCRVV~@b@\TV`@d@f@DJDp@PbAVv@Rh@GNa@j@aBxAGL?HDBJXlAhCDBB?@OJMFACBBDECEMDDBCACFCDBAAEBCGIGBFF@CF@CBA?ED@C@?EBC?B?CABEB@DAGB?AC?BAAEFBG?BD@?CCB@AA@DD?GHD?AC@DIC@@CC??DB@BA?DC?@??CCBCC?B
6519889035,w|tqF`fiaSHH?EEK]Yo@s@c@_@SMSEi@CWIGi@YoAmAaCu@gAKSGWo@aF@QTUb@Mp@O~DY`AAdADhBLdANbAXrGtBvFtB|An@|@f@ZVlBhBp@h@fAl@THh@Hd@DXCl@?lBMt@Oz@WbBs@bBqA\]v@aArC_E`AgBd@oA\sAVuAZmCFaBHiHJaBFo@\uAb@qAl@kAt@aAx@y@vHcGtJeIpCcClIwGzFuEpE{D~NuLvGuFt`@e\~@{@z@}@rAiBhAiB`@_A`@gAP[HIN?v@RrDl@jB^P?LAHIDIFY?q@G{@WiAAm@Lk@`@aAB]EMk@]EIAODR
6519864872,o}tqF`giaSKf@Wn@GFIBOLKDQNODi@XQAUJQR_@Lq@d@MCm@^KDOAWJKAUH?@LJFANDDCLBVANLP?JCNDN@DCJ?PEV?PG|ACVJVXLHDHC\Ub@GXID?LORCPGHC@MGCDGb@Qb@ANI\_@p@IDQ\CRCFHX?VQ^UBGLCN@TGZ?XIZKn@EDCo@@OHSCw@FIIg@AO@IHMDi@CQIIABDYA_@EWBQDAE[EIEB?ACAAG_@BWNUHMDQAIJOFGNK@ML@FJ?D@BFH@T?DBFGH?D?A?@C@@@A?@@AC@ACEF@CE@ADFGOPOAOOM?EKKAFOXC?MDCb@GJEBIVMH@f@AJELLDTCl@DXG^?NFv@En@@FEZGJDRATBTKf@?NFPFe@Tq@CUDs@JQDABICC?CHWA}@BADSPSDODAJSPSLSFYx@eAB[DUTa@NOD]Bm@Ue@ICKKGE[DEBO?AASH?BG?WCEBe@BSE[FGEODU?i@UEFKGG@CEIBE?CE?GNMRHNCd@[RGRGFDBADGFORCPOP?NCZ[RBHAFC@GTGHKVMZ]TIHGCCDG@YDI@SHUDILK?DBA@@A?@EAB
6513983459,w|sqF|efaSPWNG?ETIAEDAZ]FG?Gf@Wd@c@VQBIAUk@sA\O\a@DCD@FI\Y?XFB?BEIDDCC@@A?B??BOUC?]XCFGDELSH[VEA?UWi@AEBBFK@BBIAD?AEDAF@?ODDHRHDHDTGNqA`AYZIT@AKFUT?CE?CBACUKG\OTMXI@BKCC@FA@GG@BHBBDA@B@EIAADDCIAJCCBBA@CC@@@AC?B@AEFJ@[EKG_@M]QSKa@MO?KCK@GGe@EOGCCM?g@CGAMCDEUGAYPIRQPSLG^WFKHWLEJSLYXOP[LGFBH@ICCQLMBMR@FIHg@d@QRe@^O@EEK?a@y@BADDJVe@^E?KH@HYd@?LURUFe@XWFMLIb@GDGNIFoAPWJi@\IHGRI?MDSEYHO@]MQAYBUHc@K_@DGDOv@GJMD[@YPSBAAUJWRSFI?q@Na@\U\[FQJm@JSJq@d@QZG^Up@CR@DEFg@Ns@h@]JGDKRIJQDk@`@a@AEF?NBDTJTVR^@NEV?NJj@N\EL?AUFADGAMRODC?ABHT@NHPJLDVOT@FACAB@AALm@t@AHBLLHLNZbAT^Pb@HBB?BO?MCABACD@A?@DACCBE?FCA?CCA@??BACDBBAI@CC@CJBIH?ABBACBB?G
6479758356,yyuqFrsgaS?CFJBGIB@@CB@KDFEBD??DA@@@E?@DCDK@A@B?AACBDE@EABKBg@o@m@kAOo@FKTQJGLAT]b@c@ABFSFCEEDB?EEAFBCEB@HC@KFADB?C?DD?EA@GUS[m@UiAIw@GEEQY]K[IESa@SUKDc@e@OEK?_@GKDWZG@KT?CIJKDMNULQD?BUJC?GGKECBECO_@C]@IBBBk@HUFILG^EBGHECCH?TS?IFITUb@QZ[T]BJE?AF?MDGA@@BPWXQHKJAEO@CRANMBM@QK[EE?MMa@EYFPJJ@NNd@D`@Rd@ADEGHVR~@CCE@A^ABg@^KDWZSNQPMZGB?@@CAJDH?JDLNDTTH@\PRRPJ|@dA@^PlAJ`@`@`A@NGNUP]Pa@b@KFINKFAJRhAPb@@A?JFLPT?@JF?BFHE@@BFABCAAFCFFBAFUHCA@CEC@DKN@LIEAWNICEBF@C??@I@BE@@KBBF?GD?GDBEBA@@CAEFFEGDFE?@AC@@EDBIBBCCBBA@ACCFBG@B?CEDDE?BC@DAAA@AGDBE@@?C@BGBBC?CCH?C
6458355314,a|uqFrbgaSE@AEHFGCA@BA@@ESEAEGIYMU?GDIFEIF@HCA@EHDBEABCA?GEE@AAAABBB@A?B?CBCKA@DDACFIBCD@BF@@GEDDBAB?GA@DC?CIF@@@C@FBCAE?F?AEAD@CC@BAC@OCGCFBHEABDC?@??BC@KOAABAJ?@FAHCCA@@CEGC@KGDECB?AB@CEBBE??B@ED@@CILAAF@?E@BGMAFM?C@BAAK?FHD@GD??FBEAA@DCCBFCIMEIIQ@ECKQE[?HK@?AA?[`@M@QRWJ@CG@BFKHIAA@?EC@?EC?@G@?CBBDBA@C?@A?AAAB@EAPGJ@SB??AA@@CHID?@EAAHD@AK@H?AKBECD@@CC?I@F@ACBBH?CCA@BC@BBDAED?FLCEMGHJKCA?HG@DDA@BE?EGMG@BCDT]HB?A@AEBA?H@G@?CED?EDDCAG?@EGAR@C?LF@?HE@CG?BC?OXMDQDSHO?KHGICKCBEGPu@@c@Ji@NWLE@CFA?@E@?CCDEIHMFCD@KLG@AIBAC?B??AAA@?A?@@C??DA??DI@?GBDH?C?@?CKB?CBAE?F@GABF@ED?HAB?E@BA@?EBDJO`@MDGZST[DFHEJIJSZ[JWD@@PECJAD@REBGCIBB?GC?BCE@EDJGLYGHG@D?A@?EHAFMFIXIFGAMM_@@AHAK?GFDMB@AH@@G@@BGGDAAMC_@CMSUWEIFMPALIHA?BC?@@E?BCBAA@ABBCCQNMBINMFKT@AE@?ATMJOJCHOFCHKLGT]NKDDV??AEA@CFOJCRQZGb@DLJ@PH\CCA@@LJFDLAHE?AC@TDVDd@?^SRA?FGAABCCBD@EBO@@LUR[d@K^KFCE?ERa@BK@OQu@EYCGK??DRPVv@?LHVGVEFYFYNURSJKXSLILC??E@@CBC^CD@?AACD_@JOFSRSBEDC?B??C@JLDPMRUVMNER?TNVHLFNLFRDBJGJAAC?BDAAE@DE@@?BJ|@tADJCP?\DRBXh@rAHJFD?TCFGFICONYJ]^EAOHOTOd@j@nANPHZVd@PNC?JOG@?C@@@CB@AGBBUR@A@@AALMB@AC@@JIBECCDBCF@@CA?BA?CEBB@SAB@@BG?@A@@AC?@@@A?BGMBLLFRKa@DBC?CCJXB[C@IB@AE??EDCAJ?EDFCA??K?`@D_@KLDCCEIHC?CIACLZFIBGCCBFGCDB?UAT?CA?B?H[IXDGDPCABCAE@??M@BKHAA?B?CC?GJ@CBAAGAA?B?ACF@AD@?LB@CAAFD@AGA@BBECDBC@FFEIDHCK?BDC?@G@BH@E@BGIR@QAJ?E?JIKH@C@F?EEEBYCT@EDACA?B?M@LAEABCC?BDKAJ?CA?@B@EGDDGACCBAF?ACBJ?C?ABAAB?ABBC?EC@@C@@ADJAGIGAKFJ@@DI@EHHCEKFACCA@@A@BACABBAC?@@BACCBDH@A@?CB@A?D?I@@B?CD@CACDHE?CE@?B?G?DACC??ACDBIC?BA
6454019602,wbvqF|~gaSCADGACKFAZDL?HDNBBD^JRHAX[FCBICSOe@?E@??BWCGGJEEGIEIBKHINPn@LALEMBEFALHVJDJCTYB?CFHCDB?LDLANMLCCMFKANCCDCL?FLVPFAJCEFCHQDYCWKc@AOEGCME?Kq@QOO?EKJSBKPMBOHMDABIFCFBDA`@e@@ELMB@HGTUPMNUHYJGFAHIJABE?KEYJIFMA@FCI@EHE?@BC@B?C?DOFCAACB@FNGCB@EGBCNG?GUKGSC@EB?EACKABEAIY?e@?D@?AEKYOQBY@@@LXu@PINOAD@?HTNJJj@FDDRDHJHPZHj@CIV\NZLd@PLFX@?AA@LCHc@^QZGDAEBAGEKe@QYEUIOESII@CEGA@AJIMBKNG?GB??GB??C?BB?EA?EE@?CE@B?A?@ABB@C?@EA?@B?A@JC?A?@BAB?ABF?ACABGBEAABBCB@BIEBD@?ACDCACD@GAABFAC?DCCBB?C@B@C?CCBACC?DLA@DCBGCCAREEHCAEECCB@AEEC?@C@@CBB?C@D?AAB@AB@CA?AD@GAFBEF?HFMGAB@@?E@BBMAF?ICL@CDHEG@CIDBIFCFWI@CD?HHHEBB@A@CAE@DEAHDIC@BBAF
6449202111,copqFvm`aSBAIDBD@AC@@AC?BFC?CDE\ITI?IMGDIMAUFGC@LJADAEI?@JFCMEHAIG@??CD^Cs@BVDEIIDJAGBD?IABAECABBDCIA?E@J?K@F?G?BAA@@EA@JBO?JDDEC?E@LAAAB?IBE?BA@EGF?@HGMDL?OELFCDDG@@GFGIJCCBG?HDEE@DAGDFICD?GDFIDHYAPAA?CAJDOCRAMEJBB?W?X?K@ACAD@AF?OCRBI?B?@AIC@DDA?@KCBBBA?@K?R?YAT?GDJCA?KAPAQ@N@CCBBEBFA?@BGIBACD@I?N@AAKDBCDEEFEABCKGGDE?IB?C@@DAAABMP?HD?BKB@?IDEGGAKAD@IOCQLI?IF@FB@B?AIIGDHOVAUKTA?AIA?FFADBBDEL_@HDJREIMCGGEh@AG@HBCCBCAAFF]Xi@DS@ABDPDD?CCSLQFIFOTENBNB@ALBDCAA@ACCFIV?FBI?FCD@??DKVDMAOLAGC?IAN?SDZCOB??CCDDAE@AA@DBAAB?EA@?CA??L@CAEA?CH@GE@D?@C?b@RRC@MYDICIFQFo@BKD?@CGLHWCD@@TLDLDBhALFFCOA]E@DBG?F@A@BAAAD@IENFACDA?CL@MEB@A?H?GB_@v@AJFRLJb@Tf@\v@r@XJf@HFNCXQ\iEjHKRo@p@uAnC]j@wAhC{@tAy@hBoBjD_@f@e@x@W^m@f@GNQv@Uf@kH`Nu@nAqAbCc@n@_@r@i@nAe@pA_A`Di@bDSbBSzBCzAGRY\GNQt@Ud@g@l@mF~EoC~BsB|A{AnAuIdIyBdBkAlAiD`D_BtA}DpDk@d@uAxA_An@gCvCc@`@ER?JFTr@bBnArCt@zAL^CPMTw@r@_EbDs@p@s@l@e@ZY\uAtAeFnEaDzC{ArAgAnAeHtGqDzCcBpA}@v@GHAHPj@`BbDHLDAVQjAoAjJuIN@HDf@z@r@nBAPIRQVgAbA]TS@OMeA{BSu@M@s@j@wAxAEFARDVFJlAfC@XMZq@j@o@t@IHIBOASSm@qAs@yBw@yAs@gBQ@KDo@l@y@bA{@bAS\MXk@r@UZEBKEW_@q@sA}@}BCG?MHQA@B?@D@I@@
6443712587,sxsqFtqfaSLJ`@hANZHHXj@HT^l@ZNFRNXBJ?PKHMD[VAD@DPHLTHBDTT\IDEC@IEBLERV^l@j@zB@VM`DBvBFzANlAPh@BRPd@JJIRFFJBFAJFRf@VNVJTRt@bBNt@Dh@AJAD@l@Ob@Ml@_@x@Qt@?^Dj@@t@EV@HEDJ`ABFFDDh@DDTr@Ln@ATFRDh@@DDA@CAIES@PIg@]aAAQDGRUj@]P_@DE\HR@TCDCN]AGCRCCAFA?HIDi@BKLEJKTCZm@PSv@gANi@@MKFI\q@vAGDENg@j@MBKTIJKX?VYRQFKLUOI?KFMV}@f@GFEHDTAFe@b@EL?HELOFQ@IC_Ao@GKEk@B]Am@EO?WAEIGG]c@cACS?Kc@[_@q@[[AMEISUKC[BSDMHGDH`@CFKHg@Dq@OKCGKW_AIMCWMKWs@SIIOKDKJIPQNE@_@]e@Sc@]CF@@?RTJLZXZDNENe@Vi@BMKQUI[IMMI?BUG]Cq@FOPUJe@XeA?IHG@a@SIMFOTWBc@LYAWWs@S_@Yq@Oi@g@aAK]IMYcAo@qAe@oAIQGCK?IBkA`Aa@VY^URIBEGMm@_A_CUUMAMFY`@KVc@Rm@r@KR]`@QLWXg@d@YNGJGBGEW]Ws@S[KYIISq@Sa@Qq@Uc@IIOHO\WROZSTEDM@g@`@GNHTAFgAv@KNk@d@STGC]m@I_@OYOc@CWNQ?BLE@EC?B?
6439944456,mluqFpvhaSA@@C@@ADF@A?CS?e@A@DCCCA_@?UBEASRc@JMBa@Gk@EKDD?SI]Ea@EGEs@CAK]OOQ_@?DCCJCEM]KYWYe@]W@IMQKC][a@m@UQKOQO@DA??AKKEU@SCEOISEH?Gg@CEIAKWKOOs@KQAIOQEQGGDY@MCCBBDMHAFIK?@CA@?CADCBDKAACB
6438068994,uyuqFbtgaS?GC@?@?CSRE?F?@EC@BCD?AFJSEJKHUk@a@c@Qk@GGCOKSNm@DAJ_@CWCAGYFw@CC?OBGLEZAVY@EM_@Ag@EIKi@[e@SSM]KKUOMM_@QUEGICI@MJWFGb@STc@r@q@HQ@OG]AYGOII?KECI?ACMkAYk@M_@@KK]FKG_@@QL[JMEI?IL_@FY@OCAGBOTGBIBSTA?@KXk@?OHa@IEAOOc@YECB?ARFF?B@?AFHBPFNANBPIZ?NK^AHD?NEDGCG@GHCPOB?@BQp@?HCNB`@ABQDAFCRB\B\HN@LRVVhAFHB`@HNFXJt@@PENEJU?_@d@M@EBMd@KHUd@@^BFXTF?FEP?RVH\JRNLR`@PLFLFb@@`AJ\GDIACFGEE@KXSFEFBC@@DNLRTr@F\?LTPn@vABN@\@@DABDAE?FAEDB@B@CCA@DACABAEI@EFCPC@EEBD??C@ABD?
6437868333,qyuqFt{eaS`@uADs@FU?a@ReCCIAeABcDCiAE[@YH]Dc@CSQ{@A_@Bm@?e@?HD@@AWBIGEM@?ANLhAJf@G~ALt@?XDVA^Fj@EdB@dDEx@?ZEf@BLIVKFGr@DBBEAKC?]jBa@lCG`AId@Q^?HIb@Sr@m@vAKNQp@IN?`@Lp@@d@T~@j@fBDZJX@PCLKPa@b@{@l@[\MTARFNz@Zh@^j@j@X^HPNt@Br@Nd@N\BLDH@RILo@d@iAvAEL?HFPLPt@bBLRF?BEJA@C@@ACDD?DDICG@AAGHF@EC@IE@??@CA@@?CNBECGDCE?FB@@CABCEBCDABF@IFCIHCH?GGCLHB@@ESGD?BJ@AAGM?CDFAAE?JB?ACDEGE?H?I?@DAED@CCCBLBA?ECI?NEKJJ@AEF?E@D?I?DCGBH?AA@D??AED@@?MC@@ACC?A?HAGBCADJ?CN@DCDGAOJeAw@I@ENIFI?ED?DOTONUNG@KLMTIPAJKHAFUDABMACFIBGJOL?F_@d@OJGLI@GLa@ZI?AHC@O?ULKN@AFJCHARFLFXCLLRDAFPNAB@AHNTDBB\DF?LNR?DL`@FFBPEL?v@FD?CH@BAZ[?GDKLA^YB@FVNDDHBAVa@n@s@h@W?EBGLAPa@HKHEB@RQJIHSLMLADC?IJO?GVOFWZc@JGJO@GCICCSEM]A@CHFI?QDIK]SSYQG?IGGQKQEWGQFa@GO?KDCJBBUCADABB?CCBDFI?AE@EG?D@?LDBBGACG?DEG?DCCFEEBMBBAAA@?NDEAHBACCHA@DEBAEABDA@BAEFE?BQIBB@FFEFBACOD?BFGABG?CDBIE?B?C??BE??DDO@@
6424231301,mzuqFxsgaS?DFDBIHEABAA@B?C?@C@CNIBCJ?FDPtAnCv@hBB@EIHFFAHGb@w@\g@vBoCxB_CjAeApDyCpI{H|@q@dAq@z@w@B?vA{A~D}DvFeFj@c@|FwFvEiERIF@LFHHhAbCZb@FARQz@w@DCD@BC@FC?CJB@?FEF
6423311612,iyuqFftgaSKEULCHH\~B|EDR~CrD~@`Ax@hANXVn@Ff@ACLh@DNHH\FPAh@IbD]~@E^?bABhBNdANb@JjBj@bBp@rBn@fItChAl@`@\|A`B^ZdAr@`@R^J^F\@p@CTB\XJVd@tBr@fCXlATrAHxA@nDClCDvBFlAb@pEd@fC\rA`@hAz@hBpAfCb@bAPd@xAbFr@fBfBvDZdALf@X~BLj@b@lATb@r@|@z@n@\R`@L`ANb@@`AG~A]|@O|@EdKH`Dd@^RrBtAtC`Bx@h@ZVl@x@Pb@Jd@DnAAd@W~CCh@@tABj@TnA`@jAj@bAzBbD~CdEn@n@`ClBtA|@|@f@\VZ\V^T`@Lf@Jh@Dj@Al@Gl@WzA{A~HSxAIxAAxABzAPfCDxA?h@ItAQrAy@hE]nAUd@Y^[Va@Rc@Jc@Bc@AgAMwE}@a@E_@?_@F]L[TY\S^Od@m@bEu@xCSnAAh@Bf@Fh@Jd@N`@n@x@dBpBp@z@Tb@d@lAZtAJl@ZnFVzA`@lARb@hBxBVb@Pd@Lh@PxA@l@EzAWxAm@`CwAnGoA~FUpAMtAEtAAh@D~BAh@Eh@Mf@Ob@U`@}BnCm@|@k@bAc@fAc@|@@SFOACDCBJCTQh@IVS~AEjA@pAFj@ZtAPh@Vf@Xd@\`@vB|Bl@|@Pd@Nd@Hf@Dh@En@Ij@Oj@Qh@wEhKQf@Ml@Gl@E~AL|GA~AGn@Il@Qj@m@bAy@v@s@dAy@x@y@r@mChAc@Ra@V_@^Wd@Qj@Mn@w@~FEr@Ct@BjB?v@Ct@Ir@e@tCCn@@l@Bn@Hn@Lj@Pj@Th@Vd@Z`@^Z`@V`@Pd@Jh@Bh@Af@If@Md@Q`HwCb@Od@Gf@Cd@@b@N^Z\^V`@Td@Nf@dAnDRh@Vd@\^^X`@ThBr@lA\b@Jb@Db@?b@GbA_@`@I^C^B^F\N\V\^Vd@Rf@\zAd@dE|BzPBp@An@El@Il@Oh@Sf@uAvCqCxEcK`R_@vAoAvCkAhEWrAStA]rDeA`RO|EExA@j@BxA\jFRbEX`JVpKNxCPbB~@bEL|A?xA_@zNKrBGd@YhAoDzHc@jAMf@WtAOvAGxA?zAJvAJj@ZvAPf@j@nAlD~Ed@`A^fALd@RnARvGJlAPnAd@vB|@vCp@fBh@|@r@p@\R^P`@JbFjAt@\ZTVVTZP`@d@fAn@vBf@`ATXl@d@d@PNDFAFMEOGADAI?s@U_@Wi@o@w@{Ay@{BQ[c@s@USWQw@Y{@S]M}@UeB_@a@O{@i@[YWYS_@c@cAYkAo@wBe@eCMsAUgGKyAIk@Ki@_@mAQe@k@gAk@aAmBkCo@oAe@wAMm@Km@M}A?o@DaBFq@V_B`@wARi@xBgE~@qBNi@VuADk@F_BRqPAi@OqAw@qEQ{AMkCEgCIi@CgCM_FCcCKqDWsD_@_EEo@A{A@k@ZsD`@sGrA{N?}ADm@`@cCl@wBd@mAlE}InBiEnKySZeALiAAoAEi@wA_JeBaM]mAQ_@UWWUYQ]I_@G]A_@DcBd@c@Fc@?a@IoBq@iBk@_@Q]UW[g@_A[eA}@oDM]Q[UWWQYMYI[C[?y@JoI`DaAVa@F_AB]C_@Iy@_@[SYYk@y@a@eA[iAKqAAi@DoAf@eDFk@Bk@A_CBsALoAr@uEJc@^aAR]TWXSZQvCmA\Qp@o@n@y@xA{Bf@aAZiAFe@Be@@kAI}BGsDDwAFi@Jg@b@kAvBkExAcDJ_@Hc@JgA?c@GiAIc@Ka@Q_@U]gDsDm@aASc@Oe@QqAEsABi@JqARmAl@gBb@cAh@eAV_@bCyCh@{@L_@Jc@Fc@?yBE}AF_BPcBXcB`E{PTkANkABoAGoAGg@[iAOa@Qa@W]o@s@m@w@Q_@Oa@YkA]cCUqDQkAWeAMa@k@_AwCaDe@y@WgAEg@@g@Bg@TqAx@_DToAViA`@_AXYXS\M`@I^?`@DdB\~Cf@z@D\AZGZMZSn@s@R]Ne@Jg@~@wFLmAFsAA{AQqCG_B?}ADyADm@RwAbBsJFuA?k@Ek@Ki@Oe@Q_@U]UW[WmBoAw@k@mC{B}@_A_AeAu@cAuCmEi@aAQe@UwAE{AF}AZgD@e@Ac@Ea@G_@O]i@q@oA_A_E}Bo@c@mAm@o@Uq@KiPLuB^c@Da@@a@E_@G_@K}@e@{@u@[a@Yc@Yg@Sk@]}A_@cC[gAaBoDg@oAc@qAaAeDc@mAgBqDy@mB_@kA]oAi@cD]iDKoD@_FAyBIsA_@{BwAmGE[?YA@GQGMMKSGo@GwAC_@E_@K_@O{@k@gCeCy@i@_DkAiGqBaDkAiCq@gASc@EuBIsAAqADmAL{ARM@GAGGEMIm@I]K]S_@o@{@oCqC}@eAmAwBgBuDCK?GZCECHBCMB@@C@B@G?FDBFE?GE@?HCGB?AE?FEHCNFHECAFC?B@MOL?BECCBEHDBCAGBGEGD@CCB@?EB@?DAAGH
6420728184,myqqFbrfaS@KAFB??A?@@ACA@DCFCMBCHAHFN`@HDNMBWGg@@i@EWIQi@e@IOkAsCkAiCSm@KaAGMc@WSWuAuCcBaDsBgF}@iB{BgFwAuCw@wAa@_AHDk@}@eA_CK[ECEBeExDmBtAOAGEGK]mAu@oBCIEAE@YNi@f@iDhDyApAkCjCILEJBJXd@Rn@\f@Xp@BNGPKLaAp@gA~@yAvAWRSJS^c@`@k@x@yBdCqB|Aa@F]f@k@l@a@Xi@b@}@dAcAv@gDhDcHjF{BnBeD~CoA~@_BxA]V[\wAlAUZc@Zm@p@Y`@{A|A[`@e@^]^QLGL@NBN`@|@J^Xn@JRTKCCADBA@@?W?BBAAEBAA@AEC?D?E@BA?LCEBE?BEBB??K@JBA?@GGBBCBB@C??C@?AEABFDAB?@?CBGC?@CCF@ECC@BC?DBC??C?BCABB?EB@GG@??C?HB?BH@A?GEDCCDBCEB?AABAG?@C?F@AB@EC@A?@@AD?FJEKHIEJ@D?EBB?CF@CAB@I@?C@BAC@D?CC@CBE?BBDA@C?@@IECK@AHC@DA?@AA@@GAE@L?A@@EA?
6417050802,kymqFhk{_SA[CJAEFF?HYLM@MEQSQMMC_@AwAFqBAiCNqECo@BG`@AVDv@V~Av@`DRpBH~B?tDG|AS|A]xAyAdFa@zAMj@KvAAl@DxHAzCGhBHh@DA@D@l@EfF?v@@JEn@@LBFFDL@j@KJCFBBCCMEAe@RSBM?EMAgBB_DKmDH}H@oBCuCBmAHoAVmAfByGZuARyAJ}AA}AI}DCo@QyAaAeFWyBMOMEO?}@BaB@}BEmC@oBCkBHaB?kBGs@@u@CiNCiADE@B?CBKBGDCVA`@BnIGxH@vD?pNFbFIlDD|QErBBd@?B@ACx@AxDB~@F`@Jx@t@jEJfACpEBrHAHIFODyAHwCMaA?oADc@KUKu@i@QESCW?kBJ]EgBESHQNMh@EXEbDMv@Wj@ORa@b@SNWFu@F{AE{G?Q?IDGFC\?|EAVCHDD?BgBHcDDsLEGEk@FkACy@BgDEaGBg@@]De@BKFKNGTA\B|@B|KAjIBdBE|HBhBE|IDbB?fEG`GD|CBlJAdED|LEVODgCC?FB@VC@F?JGXm@`BOl@It@UdAw@hCF?HSl@{Bf@sCNk@Vs@`@g@@Gg@SYCEIEMAy@EMGI[A_ADGAIGEUAeAHa@@OCQEOQYWMQAWLKLO\CVLf@HhAALCHGDK@i@G]@u@C{ADk@A[DkAG}@BeAAWBqAA]BSCu@?g@GoA@k@F]@m@EY?SE]BSCw@@SCo@?UCg@DgA?_@DWAYD[C_BDeCI_@?q@DSA@@HI`AAH?NFD?CA@CFAB@DEABBCRFtCCh@@D@FJDj@GlC@rAA\ETCESHe@?_AHsB?cACUBGBO\GtBN|NGnKDvIE`OBfEC`AArEFzKEbAGrEFvGA`Cq@Ai@Dk@AOCEG?GE@D@CNFDjACz@?F@FFDN@TCxBDdCEfLCjDBpFExE@lHGrF@xCDZ@xA@xUBvCCbF@pGCnA?bBClDBF?F@MDB@VA\?bBEbIHzJApFC~CHdSCpC?pDEhD@lBAlBEfAm@nH}@nHCjA@d@Fd@|AzFL~@DdAFvGIzMDzG?`EAbBDpDA~A@dEAGAD?LGdA?j@JrI@bIEhABxBCrAFxHAzA@fCBvAAtNBfF@`MDxDA`CDlEAtHHp[?dPElHD`QGxGBtEFr@?~@ErC?zH?|DHrJGxG?hCD|EAxHAxABrGFxB@xECj@Mn@JnAPjKChHBdBCjGBpFC~@AvBJlN?xDBnADf@nBrLPnABh@@pAOvFQ`DWzISvESrGGlAOlAg@jCIfACjAEd@QhAM`@O^qBxDQXk@d@WLWFm@FWASC_Ac@QCS?e@L}A|@oBn@ULSNw@dAqBnDOb@YjA[nBKjA?d@FtBBtBLlEJpAZzBLzBLpAj@vCFd@^lEb@rCnB`Ln@rCf@zCt@bEfA|Gv@fGRrDZnIVbEDpAV|FT~GVrEFnBX`DRhAd@zAj@rAr@lA|@bApBxA`E`Cr@f@zB~AdBtA|@vAhCpDdDnFpBdCTj@h@`ClAxCDJAJKT_JbIq@t@{ArAm@t@uAhA_BbB{DvDgC|BwCzBiDbDmJjI_BxAoBpB{ErEKT@Jd@z@Tp@Zl@D@PE?EB@GAHSD@CDA?@CC@?FA?@@DICC@EB?@BFE?B@CCBA?@A@@?CABDC?@ABEEDJEI@@AAED@C
6408834828,_vmqFtb_aSADAA@H@ECFF`@GpADj@BFJDn@F^?L?DCD@E?FFBPF~DEtCBlCBZNxAPr@j@dBh@pALb@D\APERYp@UVc@XILEPCRHj@j@vBvDrJr@xBdBbG~@dChBrF|@bDD^CJSRy@b@_A`@k@H}ACCHIz@FnFA|@EVILMDqADqACWGQUQc@cAmDa@u@[OkBe@OK@UJ}@FQFIFCn@FbAC^?f@DLDJFHLHPZ~ARl@R|@L^HJLDpB@LCDSCoDB]RIvAC^GjB{@`@WFAPFL\v@fElA`GfBrKHp@C\EFU@gGBoACcABgAGEDE^ArD?fHCnD?rFEt@EJKFM@g@A{De@kAGoAEiA@{CJgA?QCYQMCKB]ZkEAkBDeA?cAMkBa@_AOk@Oo@My@Y_@Q}@i@w@k@s@s@OU]w@Y{@KcAC_@AaBDy@VuAb@wAXe@@K?MIQMQs@s@gDkBi@a@e@s@O]Kc@Ce@CmADqGEyBGs@@C@D@C@YC{@EMGKKEOCO@QDQFg@Zg@b@w@bASRg@^SHWDmD\{@@[CsBa@kBWu@?u@JuA^sDr@_E`A]F}@F_@AaAM}@Y]Qs@e@UUg@k@i@w@OIUw@IIKAMBGJMbAMVeD~F}A`CmA`CkCtEw@bBa@bA}A~Eq@dDQjAQhBG~@?r@CRENWXINQ`AGVKRo@d@gFpE_AbAiDxCgAbAeCrBmAlAcDxCiB|A{BvBm@l@qBdBqArAwAjAy@v@iA|@}DzD?NpC~F`AbCFJCLML?H@@PAN@HFb@`A?NQH[b@EH@B@CIMMa@?JFPBC@G@A@FDD@CB@DFAFKIBC?DEACIHJ?FB@EC?D@?A@EGA?ABJECABBDCAE@KJ@JILSACKCA@?@KIEMA_@SGA?EDAXDP?EF@KFDADG@@?EA?CCCMICEKBE@DH@RQDAXf@BT?\a@\E?AJUHa@Zk@l@KFI[[q@CA@@?EIOCAQBg@\oAhA@@BA?LW\FEHK@G[JwBjBk@j@q@Z[\G?E@_E`EmF~EqCdCgCfCwI|HgDpCwBjBoAxAcBxBcA`BGDG?GEIKeAuBu@gBI]BENA@E@DG?CMF@?A?DDGE@BC@H@CB@
6404883116,gyuqFxsgaSBC@DCBCAB??GADQPECITu@sASq@Sa@L_@dBiBrDcDrBuBtEcE`Au@xAuAlIwH|DuDhEiD|DuDHGF?FDR\H\@PWXi@^ILCHALDP`@v@@RAPCNQX[PM?KGa@e@Y}@?ODKf@a@BMGOMGIDSVEBEE?DKBKICMBITOlBkBJIH?V^HPBPA`@UTKB@TYSQa@IIABMSICM@MDKH_BdBsBfBs@j@sC`CqApAoA~@kDdD}@`AcAt@sBhBc@d@a@\[\iEvDwA|AaE~DCBAJFRbA|BHLFFF?PQ?IG?DABBC@?HMBQGIKU]w@wBMWFHxAgAxEoElIyHnE{DhBeBbEmDtH}GdCeCxAsAHED@`@fAAJGHD@ADBACCF?GAAEB?A?AFCABGHN?EB@EDCGUKCFKBFDAAD??EF?GKA?HHENHDHGG@EOBBABACBC@BG?LAC??BBBFC?GABCAPRCE@@?AB?CEG@DIEE@AAF@AAEBBAEBCCJABAAAH@CE@AICDE@DCDG@@@I@DJDIEW?CA@CB@E@VF@ABFECCDMA?BFMG?GD?CFEAGC?BFPJCE@CF?GCG@EIDBDAFB?@?AGA@JDEE??CD@CB@JCE?BAA?DB?A?@KGCFFE@Ga@CEGA?EKSBIAEGEi@Vc@`@_@f@YTEJCL@HJNBDD?DCF?^]CE@?RDJEQGE@UPSXE@GCM[?F[Fc@\aCxBcJzH{AzAcA~@}@r@wFdFs@h@sApAwAlAi@n@_GzFAD@LFPhAdCHHF@NGGE@HKD?Lb@z@j@vAz@pBtAfBrB`CDJ?Jk@hACH?ZMJ?FFPP`@LHFCDKGUO]Gc@GGMAUHkA|@WJYHw@HqBDk@AUE]Oc@]QC}@n@_@f@Yr@K\S|AGJIFw@^IJAHJVCBAEE?@@@??BGEAA@BCAP@PENIJ[AOd@e@ZqBL_@b@y@VYlEyDlAkAd@m@x@yA@WK]i@}@mAgC]g@@INEHE?I@@@A@FDIGO@FBCABB@?AGBDCA@@ACA@AGBGE?ADAFBDADHD?EACKE@AD@?A?@D@EA@@B
6400148684,wrmqFrk`aS?@b@Mh@QXKh@]XUHML]@Q?OIc@wAcEW_A?UNMHDX|@JNn@@LGDDBLC@AF?CADE@HA@@EGFHTDBNDBB?DEFBADC@DACJB@?DC@CCO^FEAPb@CNM@Gg@kAC]CALcBJ]?GJIAQD?DFL@PCELCBKQQAEPIHApAFd@ARER@DBCAGJAOQ?GA?B\BCBDAADEAEOKDFDVG`A?J@s@DDDCQOAQEI?_@M@IFCAFMTINq@X[Ri@FGDJ?j@MFG?g@YIDI^?`@Pv@Ah@DZ@D@AHGCC@GDABBECCDBDAA?EF@BNmAp@D?LMXq@?EM]OGMAUD?DBACD@GQE?GJDFHBDGB]K_@EIGWu@CQEGGAGDARBb@x@lCBXN\Lf@BPCb@Q`@STm@ZS?KGIMo@aBsBoE{@}B?@C@SIK?I@IFEP?THbFDrGF~F@xFJfSExBItAOtAUtA[zAa@rAg@nAo@jAYb@{@bAaHnGcAhA}@nAmAbCe@vAg@zBiAzJ@FC??POdAQd@m@bC]`Ac@`AqBdDY^y@bA}AzAmDxCcFbEsLbKcU|QgUhRuJjIyBnB}ChCe@XoH|FiB`BkCxBaA`A]d@s@tAg@~A[fBOjBCv@C~EGlB[zC[~Ac@xAk@pAWd@s@fAs@bAqAzAu@x@w@n@qAt@q@ViAZsAVu@FuBBy@E{@Su@a@uCsCYU_Ag@sOkFiCw@gASiAOkAIoACkA@iADiD^MKQuAIWWo@w@eAuBoBy@{@S[?BS]i@eAg@uAw@cBcAgBg@wA?MR]f@_@HBDHv@fBBJDCC?B?CIC@?CB?Nb@KW?ECAABLPFPK[EA?DACADDECB@@?C@BCKD@HR@JEXIRg@ZJR@FAHI_@@BE@ABBIB?@CBVB?ED@YFUE@IHAXA?EEAMDDACFC?E?BNCE@B@@ACBG?AB@HACC@B?@CE@?CFEB@VY?@N]BWCZEDIBEEJ?FK@WK[AAT^dAbCTZCP}@~@MCIMu@gBSm@DDFB@EPGLKHYLIAIDGGLGFIT]N@BC?CGAB@ABH@?BC?CD?BCCBACA@BGAFFAELAC?MBBDCG?C@ACBBACB?A@?C@DAKADBA?DE@AHDGA@D?FGCCABGB?CHCBB
6388925578,uyuqFhtgaSKRKBKG[i@Q]e@}A@OHQ~@aAjA}@fB_Bl@a@v@s@~DaEt@w@vAoA~A}AfBuAvAyAbA{@hBoA`@_@^_@`@YlC}Bd@g@p@]JJH@XEr@ULOPe@FID?BXk@`@GJAR@JJXPZTRFDHCx@g@A??CFKFYAOIUQYe@cAg@{@BCXa@PSbBqAh@o@v@cAVUbAq@`@S`@OCHQ\?DGANMHUr@m@DINK`@KDICMPa@Tw@Aa@YgAu@_DOg@Sc@s@cAy@w@m@w@sBsDiBiCcBoB[]yBeBqEaCmBqAaCsAo@e@o@}@k@iAg@uAq@iC_@{AWaBWmBDuJGiGGyCQ_DEaDQyF?aBOsDQwAU{Au@qDsAqFg@cBq@eDgBoLo@{DKq@k@kHc@iCIm@WwD[eCUiEGqCCkCDg@RkAVgA^eAb@aAtAsBj@s@VYr@c@lAe@zAw@TGRAP@|@b@n@PX@t@Ep@UVWT]v@}AbAcB\s@Tw@D]FiABuAJqAp@sDJcA^sHD_DRiFHcEL_OEq@S}As@eEu@_EGg@I_DI{G?{HGoLDqBAsEBgGC}E?}CCmABi@H]@a@WiEMcG?_FFwCIiCH}D@wBIwDCoDIiCGgHNmC@gEL}DHuACEECRgAF{BQgDKkAEACG?SAwG@}EGyKHwHKsGBeAAcDH_EA{@Lc@Gi@K_DMm@E[BiAKWEWVkDDiB?_ABFDCO_QB{DE}KA}KIuCBiAAkD@kBAsBUuIBmGCqBDmEHoC?q@DJJAE_ABMFIJCLAR@hB@tGAxCE|CDbEEtDHrCNd@FtBIhA@zBEhGUdEIxC@rKE|AErAH?EDAN@FBNBH?RSP]J]PqCD_B?u@EwBSsCG}BYuD?}BUeJAuCIaIH}FAoCLqNDqBSgLAuBDkAJmABkAHe@FIPG~@?x@G~AEt@Gl@@zEGj@@fAClEBlCJn@CpC?`ADDDFPv@BXBTZFL@H?JCFI@KC?AABG?FCD?N~@HVG\EFIDk@DeAEGCAIFg@?m@G_B@]GKMKSEq@EsAA}@BgD?iBCcIAkCImC?eABsAGAAGe@AWA}B@qEK{FAgEJqEJoCDeIGeDECESAoHGwC?aMBu@?yACoAAiB@mNCaCBsA?AE@@]CKEIKIMEM?qBJe@Hy@IqB?eAEgBBuFG_JD}AAeCIG@GJkB?}ABcHCkACaCDiDEeAF{JGeAO[FMFq@DeBFoBBmMCsCGwCBgDCyD?s@CWEaADcA@mBHeFJsMKkDGk@CiGFoAEA@C?Oo@A_AHq_@I}EAeIC_ABs@@BEAAC?_@G[WQOA_CJiVQa@@GB_@BoF?sACa@EWGFD@HIEK@_@NKJI`@I`AT`KEf@O~DQdA]~A_@x@?FK?IEUW?_@BJEE?J@AA??E?F@?A@A?@K?F@?CAB?AC?HC?DG?BAAABBCA@@?FFAKGIBD?XFJRJf@sBRgAJmABg@F}IF_AB@BGBQCCBGEACSL}ANYPSHEv@DfBAvBO@EFAvA?lAD`MFvADhDAVBfABrACf@BDFBJA`ABtA?lBBlBG~IAzXE`F@dCAjADzL?fE@tBAtE@zDEdF?bAE~B@l@@E@@CVDG?BAAD`@GfBAbAHvJCpD@lGBzAAbUDvD?~BGpCGjAMlAIj@oApGqCpMSzAKxAGxA?lFH~FKrED~DCfH?dADLCKAVBpCCrKEtCAfBCLFJ?nEF|CKdFEhGAbHBrHA|HGnE@|CIf`@HzS?lHMfHGl@CD@XACELBn@ATBhP?vEAfAIxAAx@BLCGDz@B~AKxJCdLPvDXhLHnA`@bE?d@l@rGb@~C~@jIr@zIlAdMfApIH|@?ZBDB@l@?XCPKDFCHG@IC?[E?BRPFV?FCFKUHI?WIMAs@BBA?C@JV?ZKHGAB?C?@JBDCCDB?HA?AB@?E?FBGA??D?GB?EFAKYFGD?ETL^BDE?GJALKa@`@M@IBWIEIDCCCs@@QHG^NjWE`a@BvADjO?jEIjEBbDA|K?ZCB@hBLzAhAbGlAxFr@pDl@vDpAlGd@jCR~AXxApAhGLh@b@nAv@vB~@xBt@zB`AdDXpAPvA\rDr@bFL|Ax@nG|@~Ff@lCT~CZzBJvAj@bFh@~DX|ApBtHn@nDh@hDThAh@lBp@zChCdKb@xAlB|EbDdJxAjDvBnE`EnJbAdBR`@Pf@VzANdBRbBJn@^~AVj@Xd@\`@|@~@rDhEdBzAvAxAT\r@zArCvGn@lAPd@RZAC@?AELFN?NCPK~DkD~@u@~@}@l@g@PKL?LJP|@Xd@Hb@HPj@`AZp@dArCx@vAb@fALTBBVIrBgBNGJAHDh@z@f@dARv@TKZYb@U^]h@[HCD@Pb@H^PCRKn@e@NWV`@BHUc@BJLPFVZf@JRJNTJDFPD@DJFHSAC@??DCDEAIFQKI@Wb@@TEFAEEFAJPPB`@BH@CCEVILQB?@CA@
6376859023,{`vqF`}faSHGNELQTM^_@d@]JQ@SEu@u@yBo@cDAKBMb@o@Nc@`@m@FU?QR_@PeAZ}@@q@N}@Ba@x@qEPiB@y@EsADWAi@F{A?]M}A?k@J]@[Ee@Su@?SF_@?m@Ee@KOQHCRRjAL`@Bf@@\Ep@Ft@LlCE|AAnAD|AHd@MRATKb@Kz@[lBMZIXQtABd@I|@d@v@LLRDl@O~@_@n@KVBJRBJ@p@DNJJP@f@CdAFjBGlAAp@@bACh@@x@DTEb@Bf@CJKAoAG_A@e@IsBE]E?AHFnACHGFU?WDiAGGK?SHcAAUD]CYB[Gi@D[D{AF]Ks@Sm@LbA@nBGKBCJNGj@Bv@A^?x@DNEx@@J?TAFGFQFa@Ay@IEEE{AB_@A[?_BA]?KJW?QESEq@De@?k@AK@QA@AIMYSy@?eD@ERIA@CIK?EPFFDCEK]GMKb@XBF?rAC^?DDJEl@ENI?SISDO?CB@FD@v@IL@HHFd@DB@?@IIGEAIMIEo@GQEK@KEG@QIBANLN?LJTANEXLDA?DA?HB?DNNDNBrACZ?~AEx@AlBFtAA`@@JCPBDUFU?WKQDOGMJE?GIG?IFY?GHIEEIEADJLE`@GlAEh@FF?FEJLBt@Cp@EBK@WE]D}@@A?BECCa@H_@E{@FO?DA?CH?HHAdA@\CRj@I^@\ATBFHBNCt@?hACl@EH_@JSNG?SIYEKEe@@SES@OEQVO`Ai@~AMdAC|Ae@~@_@j@g@b@SJ[DOJAB?BF@TILLBHGn@GXSR]RO@KCM@EAE@ILG?MHUd@QNMF_Bf@]Ve@RAHKJc@T[Ns@DODm@h@Sr@KRMJ]LU@SDQLc@j@i@`@]`@[p@CHQXM`@eAjBm@pAEN?PFHZJ~@FPAPBVARJPIbACLGR@\FXAVMNOH?^HAGS]?MJ[r@a@LEDQFGlCiCtCuCJGLBJLNf@|@dBFBFCLSB?KK?DDBFIAIA@D@CBICIUFIHED?FGE?IDYX?B@DF@FF?C
6371776083,oyuqFhtgaS?@MBYGWc@COM[K@Ac@EYIO?DI@?KHMfBeBpBsB|AwA|@}@hBcBj@c@lFeFtCeCnBqBFMBOCYMW?EFOAATOX]NGL@XQZcALu@Hy@?_BEu@SiAOc@Ym@}@}AKc@m@mDMe@wDeIO_@{CeJIa@K_BEQIOa@[GIu@kDSy@eAwCKQWS_@e@QMy@eAw@iBKu@Sc@g@o@]eA]w@e@uAMe@?INy@@OA]C[Ui@Kc@CmAGe@IQKKw@e@Q_@Ga@k@yA]sAGWAYBo@AYIm@WeAKwAeAsDe@yBSa@KI[MUSYi@G]MkBOqA?WBMI_@D_ACgABy@H_@Bs@DU?WHOBMNmBFgABmCAsAWaLIoFKsC?kBM_Dm@gEaBiHaCcLc@_Bi@{Bk@uCY_Cs@{E[}D}@yOe@qGGaBAa@@mBLeEJa@RSf@y@ZqAFk@?gAQmA_@gAq@gCw@aCYkAAcA[_BGeAAy@IaAC}BB[N_A?WIW]i@[m@CMMcCMiAOkCIw@GsASiDK{@?g@FWFIHGVEtA@FCDGDY@wAFgBGeACiB@}AE_DB{AAqCK{AOeEQyBM{@Ma@EGSKCIBSj@a@X[JUFYHiCCsBHwD?k@Ou@BKFCXARBdAIBGCwBDoAMmB?QEEAD@FDBP?TBb@KNIt@s@b@u@Xo@?Kp@qAn@kB^{@?ICEUKCE?YMKGEKFKB@DROH@TLBACECCEDBXJRPFBNGV_@j@QZqAxCw@|AWXIL[XSJ[JMCMGMDA_@UaBGiAAgBEgACwEGwAWmEKy@i@oBIy@_@yBKmACu@Dy@ImC@YJ]@QGi@IOKy@I]DGA]Em@G]AQ@a@Di@Ae@CSEMWkC?IJa@?a@JHIGCGwAiFi@gCOcBEmAAw@H_CHkANcATw@AKSe@U_ARyC@gBFaA?k@Aq@@]?q@FsBBmBGu@Ms@c@iBe@uC@yBI{B?m@Gg@?[Hi@@u@BQFIRGDMBmACsAMkA?SCGEBAi@Q_AGEOGc@AUEIUEQ?_@S_@GYJw@Aa@Ks@Uc@CDEY?MF]De@C}@FiAAq@FW\]DKNkAAKUk@CWEIg@SSYS{@Si@Iy@Q_ADY@[AaCHwABsBJw@CuCDk@O{@@KDIJMPABIFCTALM@UEWAYVkAHWl@g@HSD_DP_B@MS}@GqAIYQa@EW?g@Ho@XiANaCJq@HYd@m@N_@BYAs@BYNOlA?JEVD`A@NPBQr@CpANl@?f@ETJDFDADGt@CH@JDJNf@d@F@BG?Mq@eB?GFAI?CIIEi@I?CAHj@CJO?ICKYc@EO?ODEj@D\Ev@?eCLETBFRZHHCPIL?RLXD\J\RJNLHN?HGBS[SMOCG?OJIJSt@CFKHM@IA]@QCg@FYEs@COFEVILK?k@EUGEYA[Do@Ca@KCOFY?SESUQEy@@E@CDCF?n@DHATMd@G`@Q\MBINC?CFGr@Az@CTMz@[vAEVBr@\bAD`@@t@Fb@Jb@?JMx@IbA?~AAXKRSVGBI@GDITQ`ACf@Bl@ERGFQ?m@LILEVLXBT@VCVAtABd@?f@G`@@\ALAv@ER@v@EJCd@?f@D~@EdAJb@@r@DXVx@Nn@DJNNPJRDDDLh@HRB^WbA[\GJAH?JFd@Gb@Cb@Hx@A`@Gv@FXZz@FpAKPATDRRh@Hv@RPl@?\HBFFfATlBA`@FvCCFGHSAGDCHOvB?XLvA?THtAB~BDf@LlAXxA?LJj@@PNp@Dd@@n@KnDAxABx@ClDM`D@Vb@vA@RIPUpAUtBIrBBrBH~@Lx@p@rC\dAN\ZtAJt@?PGDAHC^HZDh@Lf@Dj@OpAAj@H`@Fr@DvAHZRb@Dd@Mj@?n@F`BC~AFlAJbAd@tCh@rBLnABx@H|@FnBDxEDvAAb@DdBF~@TtAPtCCbAD|@@|@EREBG@YAOCOGWCYBEBAXJ`@CdACNC~@B~ACTFdAGjACpACXKTi@d@W\CF@JBHNLJPXvAb@rK@xC?j@BNCrBFbJEVAx@DDC~AGRKJIDMGKAg@@KAY@GFKb@@h@f@zG@|@ZhF?b@^xBVh@X\HT@LQj@Il@DdCJlALfCPz@D`@B~@FXXp@h@jBTx@Rl@VbA\bARfA@`@Cb@Ij@KRKd@a@~@EX_@l@CF@n@K~CE|B?r@VjDRlEz@xL^zErAvJvArGz@fE`@tAdArEf@fCBRL`@Ll@f@nCRzBNlE@pBBXFrDD`ABzADnAANBX?d@LjDDzBAdCI|BSjB?ZMp@GRA^Kh@KxADT?lAVvBB^AZJh@Xn@dAv@Xn@TnAfAzDHh@Dj@?GNv@Rv@Fr@?d@CP?RDPL`@XhAZj@JTH^?XDNHJr@b@NRD\@~@D`@HXVr@FT@d@MbA?NBNFJLp@jAtCp@`AFPL`@ENDVHRLNTj@V`@XXx@~@n@d@FJl@zA`@zATvAf@lBFJf@b@FJDNJ|AfAzDr@dBnApDv@~Ah@nAb@v@\x@Lr@\fCPz@JP~@rALVPp@N~@LzAAx@Kx@UhAKXQ^EF[JOHKLEHMPUNMDYMq@E_@I_@?wBFe@Ek@AkBHaCBs@BMFM\m@xCI~@Ax@@ZWx@QVMXi@f@y@b@]^SPUJKJGBW?G@OL?Fb@ZLLNZ`@tBJZZb@FXAVEFm@d@OPe@\c@b@EL@Lv@rBVf@^?HIAAABFY@FG?H@BAACCBKAFD@AUPEdAGLa@XWXk@^W^[VcBjANAJGf@i@vAkAjAkANMPID?LJ\f@|@pBTl@HBFCTMjAeB|AiBfAkAXQLBLLHNHd@\z@b@x@FHF?VOJQdDmCxA{Ad@[FKTWlByABCE?JM~@y@?ICAGBCHAGABn@m@r@a@NSBGAI_@a@Qg@MQEQOUAOUg@DWXMGBF@LEFK^YjBeBnB}Az@cA`Au@~A}A|@eA`@i@BO@i@B?@II[B?ANBHEC@CBBFIXMHKJCRKLERABI^[NGNCJU\I@MDIV[FCH[PEb@WZa@EILK?MBEHGDABET@PK@GVOAGCEDEn@[^c@`A{@HAF@FAB?BD@JCZJRDLB@JPBLKO?RGDGCGOCADEGHHAAE@?C@F?AAAHAEBGADCE@BEFJEGBEAPDT\FXAF`@r@A@MI?KDBBLGLMCi@\a@`@EB]h@MHA?CKc@u@DKPI\a@h@a@ACGBMm@@RNLC?UX_@ZMVURYy@@CKQMIKOK@IJM?OJSZMBe@`@EFBIBAc@f@I@?BMTA@CGe@f@?VABYLWDaAz@UL?Aa@b@SAMICAE@BC@BAFD\]NCJKNYVEL?JEDA?CEQNGASFCFIb@C?GIQVMFGPMFAEGDKTODSf@SJWV[t@K?MPWFEFGCEB?Ha@`@]DORWLCFGBUP[d@OHCFUNOBIVKFIRIHFKBAB@FR@PC@ACKD[^s@j@]PKJCJF^rA~C@HGPcBxAs@v@iCpBu@v@iA`Aa@b@IDIAII_@u@S]o@}ACA?EQQQk@U]e@VYZi@X[VY\?JBPAHOPKFq@d@c@l@[VG@IKkAkCBMJI?@CABCAAB?DCAABEA?B?NL@AA?QD?EAFBSCB@DNG?LAG
6347297480,myuqFrsgaSA@?IADA@BDCLCAAGED?FKPAHBNxBzEHNLDLAXYlAqBrBiCbCeCx@q@x@g@lAaAnBgBbBeBtCiClAw@h@MbA_AH?DBCQDKLIACDB@GD?TN@A@DKIEGISBEVYPIHM?EB?FJAR@SFGX]XQD?@@GALJr@`B^nAEN_@d@QJORWLs@l@C?GKEUDLDGAJBJ?CAFBZV^JXdAvBLLD?HA@c@K_@@QEOCWH`@?\Jb@Dj@f@hA|@~AFPBRE[BORWXSLCH@VXPj@JXNRZbAGCIKWg@CEBQjAm@D?FHh@lAH^CJEDOFK?[IYFCD?fABNTl@\j@N^r@V?DKPYPCGNEHOj@c@V_@DAFBLj@?LCLWJUBOFy@h@CB@Dv@~AjAvAb@lAXn@~@z@PJDAAAJGZa@FCD@CAPCZ@PEBBJ?TFR?HCFU@QG}@ACABCGDCXq@h@y@BMAOEO]m@U[AUNa@HEL?DBNKLQHQ?k@]eBM{Aa@{AQc@m@iAOa@gCeF[s@Og@?]Jk@R{@DC?ISo@IEG??@FUBCFFN`@NVDBF?JKEUSe@e@{@KKEAE?i@Ze@j@MJQGKQsA{CUUHKk@oAUYMBAFBUCS[s@A@EMUG[JuA`BYRMFK?UcA[{@c@eAMSIGM_@Ec@Yq@Wa@IGIAMS?BJOr@q@bAy@bAaA^e@p@k@PUTOZ]\On@e@jCiCxAmAt@w@`@]NEf@k@n@g@XWV_@NINJF@AIBc@Xa@PILQ?BLNFR\d@FRh@Aj@MDWDGGJJTC?DZ?LIXOTYVy@~@SPKGKX]Vc@f@s@z@EL?HRVVtATh@Ld@?XDRH@d@XDHDb@LVXj@V^NBFCF?f@e@VYAMAGOQYUEM?OBORYPENOFANFJb@T\JXRZDZAV?@MB@BLU?IUa@
6344634426,elhqFrx{_SBA?DDB@GHZJhA?ZCr@?tAKb@SHuCKoB@o@Aq@BYDo@PeBt@uBx@i@XWFc@@gACaBBaCGuE@OCIDCLCl@@bDDz@@xCIlIFtD?tPFrECvCBtMA|FDbE@bSAn@AAE@?FIDG`@DzA?dAIdGBpEAtFCt@DnBArJCj@BbHCxBJpC?zLErD?dCHxAAJMTKFMDO?o@EsG?o@EWECCyAHmBBgDCm@BqCGkCDiAAGFHL{f@MaBFaBEiB@GDABAAMCm@A]@}AKaC?yAGePASEU_@KGOE_A?kAE}C?_ADqBEO@UF{@@sDGgADsCAiEJsAC}DDs@CkA?qDBeBDaACQKGMGCq@G}D?{DEqAGiB?iBEm@BsAAwD@mBJaCCiBDi@Do@AeDNeAAcDHmAAwCH]?FDF?n@IdAErA?rAEn@IP?b@JFADBDF@N@XItC@lCKlEB|@Cd@?RNHz@FfABxA?FNK`CEvCFfOCnH@`EEnFDnEDxAC|JBj@@jDE|F@hJKbJB`GDxB@t@E\BF@lA?`BB`JC`JDpCAxCB~CCfCF|DEtADnFCdCAvED|UEzCBhMGzBJlSD|NAdGDlDAnBDlBCdBBnSAdSBbHHxFCfABzIEpA?nHGtB@`CGbCBxFK|IHd@?dED`G@vGJtTCrXBhJCbK@bFApFE~E@hFLrICfS@zE?~EPnJBbCHlCtCfi@d@~Hn@lMn@fLv@dLRdBVxAx@fDFBDFAGl@lAr@bAPZhAxCjBvDhC`EbBhBvBrC|A~AZd@bClEj@rAPj@bA`Eb@`D@^QXMDU@mCBy@HUFk@ZORMVI^G^A^HzC\lLJ~IAfDF~QE|A?rAQz@?PPdAD~@?|ECbAWtCe@|DeB|Kg@rCm@dEUt@]l@EN?z@KdAqCbQi@tDeBjK{BzNKf@]r@_@jAsEnIo@~@}ExIu@hAuEnIk@`AON_@TINMn@KZoBjDeBhDkGbLaAlBe@lAq@xBi@|Bq@vEOpBElA_AhCWd@QP}@n@uH|GyAfAeJfIkAvAiB`ByBjB{DrDyCxCmErDmAtAaAz@GNgClBo@h@}@lAcAfAg@n@}BfBuBxBeC|BcBtA}CtC{HxGcEfDsDjDeA|@sArAeB|AsEnEw@r@CH@LvAnDHDFAFI?O@EB@ACBAAB?CBB
6343936710,oyuqFjtgaSABAEABCCID?D?GC?EGWk@e@qAW]BKn@cAhB_BbBeBbAqAj@e@pBuAfByAfCaB`DeCpBuBjI}J~BgChBiBdDgCTMd@]dDiDPKNQQb@@AfBeB|@i@T[AEC??C@H@?bD}BHIDUIu@_BsDCF}@z@o@h@YLI?IEMQ[q@}CkFuByDoBqCy@_A}AyAgEaDsAs@qC_AaBy@[UYYo@eAUg@e@sA]yAW_BOeB[mEe@kL[cFIsBWqMUeFYgDq@wEqE{VqAwGeAaF]oBIy@WeDe@cDGw@e@uGOwECaD@yCHaBHi@`@kARe@Xe@fBeCZa@\_@^WhEoBZIXCT@z@j@VHV@ZA\GZKXOTSRWxAkCVe@Re@Lg@Hk@Fq@HwCFq@^uCNmBLcFReFX{FJmE^wJ@q@Eq@MeBu@oFq@_DMoAKwGHoDGqN@uMAsNBsCCuAIeABi@La@@QGSE_@EmABiCCaJ@{BAmEGiIG}CEqGB_EEqEBwBCq@HIEsBHqIAyBIgD?kA?MB@AGF@?EGyDIkBEmCCcDP{LAyC@kGDoGCqH@eHIiR@oHEoDGsQDuDGsEDoN@qPBcDGqIIaB?cAEKFGGECJA??@FwBAkAIuBAcCJq_@CuC?aICgAKy@yAoEOcAAa@?a@HcAjAgJXiDHiBBgEA_IIkGBkHEeHDyFCyLEcDLqE?qAB_@BIDFB?tACbBAbBNnBFxDD`CF~@A|@BhCGrI@xAG`CObECfE@bFNjJEhJDpDKvC?pDC~ABvF@nDEbA@XA|BFnBGN@EFj@AxEKnBD`@DjNN`DA`FIfD?~FIfFNnE@z@BdFAnDBnDCpA@bJAr@B^GjGHnC?bDJlB@lIGp@@dEIfCBbGGhDMbF@zDMv@Bx@A\AHE`EG~AFzDDrBAv@C|J@vAB|IE|DDrHGhFBjCC~BBrB?OFB?EE?KUA_ABgA?oGGuMGwADkDBiM?cBCgA@wGC_FIOAKGIUAa@@cAGmBBoFE}C@mOIiO@sGIeVAaIGeN?s@Bm@A]@EGSBeWC{CA_J@kDG{BKgBE{AEi@CGEC@@DCEmCB{AAcFHeOBgOBuD?qIBqKAcG@cTF{MAqDCS?KB@AGA@@ECIAWJoCDcEAgHB{B?}OFwD?y@AEAB?EBcAHK^GzDKtHDrDIdDAhHD`G?dBCvABtACnDAn@I@H?C^GpEBpF?rAExA?zABxB?HAFCA?@ABF?AXCFIBQBSGaEB_@DIPCP??GEE@FMAIKI[CUIgAEGOAkB@yDIo@Mm@EcBH{EI}CBoAEiBDKAeC?gBE{ADa@CLeB?YCmG@uB?qDBcCEoAEAy@Cw@@sD?e@Aa@?q@AY@C@BBLBFF?FAIEJBGBFCCDCPACH@F@A?@?NIH?HAAGH?CB??I?@HIF?CA@DECADHE?B?CGJPSMNFEIJNSIHFCIDDGG@?DDEA@D?EAAFE@HGIFNMIHC?@BAAADAE?D?E??HIC?FCKJEAHA?HF?E??ECB@C?D?CA@@AG?B?C@BHFMACEB@EA@B?C@BE?BBAADCAB@ABA?@ECAHADAKDFCEBDIA@IH@@FG?DG?FCA@DGEHKFLMBAEAE?F@CDAECNTQ?EQRHKAA?DGF?A?BAADEEA?FNKKLCN@G?DECAB?ACCD@?D?EABCCFCCF@?ACBG?C@?HEIFLKOJBAEFAE@BA?BACCFCA@
6343066994,{xuqFbtgaSE?AIEG?FCC@?AB@ECCC@?FGA@ABBCPKDI?QQ{@{BIM?KDMrDqDlAwAfAaAV[fDwCfJyIjC{BFM@MC[KSAIBGV_@JIZK\OJIVi@Z{BAuAWeC_@qA}@}AM]ScAWmBYeAOa@e@}@Yo@u@yAaAgCs@gCk@}Ak@mBKo@Ca@Iu@EMm@k@MSKu@]{AQc@Ke@k@eBWk@EUu@c@y@aASQu@wBQ}@M_@MWa@e@q@_Bu@cCCS?U@SFS@SAUEU]}@EUCiAGm@GQKO_@QYWYiAg@eAa@kBAW@o@Co@_@mBI_AEU_@sAOc@Qy@a@yAM_@WYq@c@Ba@Ci@Ie@_@eD?sACS]yA?a@ESS[SUGMg@yAMe@GsAMiA]sBKeBc@}DEu@G_@[oCUeAQ}ASy@U_CKa@AWGc@C]CGE@
6340220287,}ssqFv~eaSMBINQHORIFG@EC@AA@@GADAI?B@ICLCBE@IDU\AL?AKFYFOP[VGLUTBHC?AB@@CAED?CAB@CD@IC?CB@C??@BACAFFCCB@@?CCF@ACC@@FF?GAB?EBB@C?DAG?DIE??BF?E@BITKDSRKR_@XW`@U\]\Sb@_@HOTQZ_@?CLQ^[AKREEBED?C?D?CFGBIACCDOOAEB@GAJDGCBBA?@DDDBCABDFABAEIBCCC?AFAEBC@FNG?CCB@CAD@G?B?I?D?ECJ@CBBAD?CCAA@B@@CADGCHKGJFGAD@CE@@A?B?CB@C??@?E?DBC@HCCAFB@?OAH@I@D?CAC?B@E?DAG?F@C@@MD@HED@?AG@F?EABACEd@?CWZOJG@ENg@d@OFGNKC?FOFW\GAANMNOJQFOJMDAB@BAFOTML?DEAi@`@CEAFBC@HAEBAA??BCICBBBDGD@CDB??BAG@??BACA@BF?EEAC@CCDCE@BACBDB?CC@?ACBE@?D@@AAABB?AMC?@HAJGN?PABC?AGC@AHBHEF?DHBDEC@FS?QFGNg@CCAE@B@?AAB@ACAB@C?A?B@A@@?IBDACBA?@CDD?AB@C?IHMREBLD?XQ\c@FEEGC@AA@@IDDEB?ACBACFA@?EFGBD?DC@@CGIDGZ[RCAA?CRUFACIEFNM?CABCC?G@@CABB@GFHBE@FLOL@ZWH@^]@ON?RSPGDGLK?CA@JE?KHIb@UVSP?FENYTOHBHTBC?IGg@?MFSJOjAw@n@k@vAoAJOAGK@cD`D_At@UJIAOSWq@k@mAQi@QEK@[h@ONo@j@a@VG@GCKKMQ]aAk@cAIIIAK@MDwJ|Iy@|@cAp@i@j@u@bAeCzB_ClBaB~A}D`Dg@h@qG|FwAvAsBfBcC|B_IbIm@f@E^BNb@l@f@hARXJOAEBDDICADCE?@GA@DBFI@D@A
6336421911,y~rqFnjfaSC?AC?Y@YFSe@w@A@ASKW?NGNYVe@XC?KGm@kAmBmE}@iBe@iAWu@EEBB?EOGE@KHEJ?FJCCGaAnA]Vc@Nc@b@o@v@eA~@@CEFAAAFWP{BtBo@j@{@z@gBtAgBhBeBvA_BzAqD~CQRw@t@o@^iAdA_AbAgCvBqCpCyChCuBbBqBhB}BpC[`@sAxBYXGAOW}AaD]{@Mg@DAHD@EBBCCB?EBDACC@ADBFGHCC?EGA@ACBC@DB?IAB?
6332016046,oyuqFvsgaS[F?FFFBCD@A@EMBSAF@BFEGDJEC@@CB@MDH?@GIFJE@FFQAAADD@?JIAAA@A?BDME?CDBACJBI@BGFBGHCG@CBAAAFBG?H@GCB?E?F?A@B@AGBBB?G?@BCE??AAADRMBW]k@mAWe@Gc@JK`CoBfCeCb@[xA_B`FuEbCkChFeFxCiC`FwEvCeCrBkB`E}CrBkBTMV[fAcALGx@q@`EqD`@O`@GN@n@LRBRCxA]pAa@rAo@lA_AtE_EDOCKMQEUEEG?SBMEIF@@BA?FDFEA?EADECAG]o@@@ECHEFFABCE@@@CEAAFD?KCEB@CCADFNNEA?K@?NLKE@MKDH?@F@PE@FEEADACBDAA@B@C@B?KDJIADHKCPDL@AJTAIHB@HaAv@_@Na@FODaBdAQEGIa@{@CCUFSNqBdBqBpBk@`@e@`@a@Z]^aGtFwBjB]`@i@`@YZmAz@ELg@f@AEELa@^@EEHCEs@v@g@d@uAxAmA|@}A~AyC|Bi@h@cBrAo@p@qC`CORmCdCmBpBoAbAyB~Bg@\i@d@iAhAi@d@u@x@cA~@IPN|@Pj@f@`AFDDALMFC?FBC@@ACBDBGCE@A?BBCFKGAGFBAA?AAB??AB@AHGCDC?D@C?AA@?ECB
6328422441,yknqFficaSD@GACHC^BC?@D@@EBNA@@Dl@BFP?RETe@pAO|@?\VtA?v@BXCHGFOBe@EaHyAaAa@cCuASSa@k@i@{AQ}@EeA@eBD}@N{@l@mBXc@DO?OCMIMo@k@oAw@uC_BSUQWO]I_@KaABqEFoAB_@@CB@IYGqCA]BqAG]EIYEc@DSDSHw@f@QBGCKWIIC@ABD?BDDAJb@AJUb@g@j@WRw@f@]JuCPc@@e@Ai@GqAWwBYc@Cc@Be@DwCp@iARqEdAiAPc@De@?c@Ec@I_@Ky@_@cA{@_AiAUc@Ss@IIIAK@IFELGb@Sf@sClFkCzEkEdIk@lAg@nAu@bCq@hCMn@UxAQnAMjBAbAEXYh@a@tAMXONg@^g@h@mEtD_Ax@cAfAmBjBkEvDwDlDcElDyK`KoDzCmCjCsE|DwB|BkAdAsAnA_@b@wBjB{A|AmAdAgGzFw@l@k@\SA]OaAMSAS@g@JOJOP[h@]d@mAv@k@Xi@ZaBlAQP]j@g@fAMTa@`@c@Tc@JgAh@iBl@K@QKy@aAc@c@u@]KS?YBMHK\_@f@]f@c@LOBQAUkAyEYqACS?OL_@h@aAz@aCj@mADCB@l@h@PDR@TEbAg@ZGRC^JFK@_@I{C?wADiACuA?gEB_AAEG?AF@JFJB`@ECBu@EKEC?KIOGEG@]KJDRAN@DLBb@DBBLANDVE@AL@b@GlCBv@C~@DhA@xBEpBETAFg@EW@SDy@\a@@OAYOY_@GAGBIJGNWdAy@nB{@zAEP?NDR`@rBj@zBVp@BRAPELINkAjAk@d@GP@LPP^JPJf@b@|@bANXHVNlAX`APb@?HU^w@v@_At@CF@H^bAr@vAPND?NQAFE@F?CEA@DECB@B@EB?AA@?DKA??BAA?B@AA@E@B@LK@EA@AC@J@AACAF@?ACB??E@FAC@C?DEAB??@?CCBAAFHA?@GCE@@?@C@BA@@A@@@GE@A?BBEAB?CAB?CAB
6328356642,{|rqFhlfaS?CJEALBXDBJG@CZQB?PMPALOACKJGb@@VIVm@f@]f@g@h@w@n@_BzAy@l@o@j@c@b@IFG@CCGCS]{@gBQg@_@i@{A{DkB_EAKBMHMl@g@TWb@_@VOBQAQMc@U[IGKCI@WRUZG@EAD?@CGYEa@G?DC?BACAB?CBB@ACADNLXBJCBGA?FEFWTi@n@YCMKYa@IGM?QBe@XiDrCWZYT}@l@kBnBkN`M}@|@_At@s@x@cDzCgFlEmCtBcAz@i@f@k@t@uBrCsApBI@a@q@mBcEEQ@SLG@@BJADECC@HIA@?IC@B??AHECC@E?DE@?CB@?CC@DACADAC??@?AJJHEEB@AE?ADKF?CEBCHII[o@u@iB?IFKV]^a@dCyBtCuC`IgHtEoEfC}BfCsBtH_HvAeAbCiCjFuEdAeAnDeD|CkC`@Sb@Eb@@~@NV?XAx@Qx@W`Bm@^U\WbIsHnAqAf@w@|@m@lAkAhCuBpAmAtAmAfDeDbFsELYP_B?a@Cu@@a@VeA@SOy@Cu@Aq@D_ADc@TgAl@_D\sAvAuEbAyBnBqDfF}IbBgD~@yAJELALBNJt@`Al@r@ZV|@h@^L|@Pv@Ft@Ct@G|EiA`Cc@nA[nAUx@@tB\rC^z@@nC[x@Sr@_@n@o@d@w@TUd@]j@SNAHBLXFj@BvHCzE@b@F`@Z|@PZVVp@j@lBjAn@b@d@`@P\@LENc@z@c@zAOdAElADrAJnAF`@X|@^x@j@p@RPPNd@TRRPH?DGEHBEIDDA?@At@\pCt@jDn@t@RP@LCHIDOBW?y@KcAS_AC[@UFSN[Rs@@MASCKGGSII[A^ELBCD?IIG?BMESO]GCC?FNX[EE@IC@HDEDF?ECLLDVJREN@BGGOc@KGCGFIHGED
6315216622,oiptFfmaeSu@|BGDCHIFo@VKRBF?DWn@EDKBMRBBEP?PPTJZf@`@RJRTBHDRBb@ALEF@FAx@EPUJ]@OAQEm@?QGMC{@FOEIIU?GCeARa@D@I?BJ?TGFGTCnADTA\@LDn@Dt@Jp@BJCTUBUC[?iAMWSSD??A_@UMOQKYq@Ak@DMV[LKPY^a@HEVYVm@Jg@Xe@DADHHEDGAIGAEOH?JKTaANQ@KABC@?BFM@SCMGAKOOEG?MCII?FQMc@Mq@YK?i@WQAMS?OP[RSE?ZSPA\Xb@LD?FEHAr@RJFRDR@RCDFRD\?NJXBHJD@FAHMLCCA@MBE?DAC@?E?DA?B?C?@C?F?BKFE@JA?A@AAA@@B@CEAAGAF@B@ACBB@C?EEFM?BCBBBA?AB@?AC@?A?
6311135382,opntF~b}dSABE?US?WEMM?_Aj@GRCB[HKHUJo@HYJe@B_@N]HUAMDmAx@ELEVKJo@X_@?KFSTa@Pg@LMA]HOH_@LMFDAGA@A@BAE_@LK@CAYJY?_@D]HQJM?OB@Ce@JWLY?q@P_ADWF[BgA?UBs@QK@KIYGMG_@IKGc@GYMYEy@]i@k@AGMISWMGQSQOUKQ@QEQJCH?LCLBBAAGFB@@ED?CI?QJKZG\ATFNNZ^JJNVVLNPHNh@V\Jb@Bf@PFH\DXL\@HFVH^@HBLCRBLEN?PDN?`@OZ@VIA?`@CREJE\?A@BCCAFCCA@ALAPBLCPIXC`@Ob@?HIV?VI\C`@Sb@ML?RIJANBVUNCTKVUPC\@PEXOJKLg@PWFEXILSFCREPBbAc@D?BBF?RK^B\KN?RQRERWXOX[H?FJFXXNKFGZ_@h@IFUFO^q@d@ONINGBIPOj@GBOVUFMFg@`AURWd@ELILEPMPSr@MROj@QNEAGFGRi@TMJ@DJB^BPDNI^BLDHHT@ZNVETBVEZF`@@d@HJLHVP\@JR^DJD\ZZPFZ@HHDJb@JH@?N?KB?GH?CJA@DJEZTTHNA?BJ?RFr@d@NDLJPFRA@BBRBBf@KXHXPZBNPFNFFF\@p@FDRXFRF@\Kf@_@B?JXRNJNBR?LFRBZA\BREFI?GFERb@b@Tz@NFPLH@Z?LEPBRGP@FKJEJAF@NNR?^\@J\f@BPE\BTENGFITWFOZWZA`@LL?JWpA?NPPHPTPXLfAVZd@FDf@HXJ\BPRj@Pf@CLUDt@@FB@?DCEA?@C@?ABEA@DBE@SEk@FGNIBINMHMILFIJk@@MCOBOJGN?FENANOJEHAJOTQH?VLL?l@LR@f@UB@BA^@TEXCHITKT@XKFAF@JI\@TGR?LENMj@APMJBXEF@?BPJD?JCHHPFBFJHh@Cb@OTFNEP?THj@DPP~@PLAFEHUF]\CJFNP`@PLHFHl@Z`@f@PJXJPPP@\Nd@p@L\Nr@Dj@FZCn@@FDABBA@ECGJUnAQdBWlBAX@FDDV?fBS^C`@AdAJLFDNCjDC~QCpAKbASd@[ZgDhA_@P[TKNe@nAUf@cBzC_AtAo@p@Wb@}@~@eBnCkEjGa@d@y@r@oDlCs@p@]`@Qh@ARRtDHp@@XQnA}@zAwDpH_@d@g@\SHk@Nq@H}BTm@Ak@G_A[mAk@s@QO@MBWNSPG@IAKGkA{@{AuAaE}C}HqG_HoF{DgDyBgB}@q@_Ak@]Yw@w@oCeDoAcBwAcBYe@_@]iCkB_@]a@YiBw@_IoCg@MMAMBIFu@vC@RFLHFf@LdBPhB\XFVNFALQDC?CEEB??EBCBGEFD@A@CK@F
6272795637,oxuqFbrgaSGPLG@AACIG@C?@GGEQO_@GIG@GKOi@MUCQQQG?CDIAYYWa@IYWOCKIGQWCIDm@AGU@AHGF_@LSVWLYVI?@@YNe@JCH]@KHu@XOf@EHCZE?KJI??BIEaATs@r@WH_@h@ODGLBJAC@AAFCCEBGXCHBD]^_@`ASZIDARIDKd@OVKb@@JFFL@XCDGTB\ANDb@F`@Kb@@bAELFNTF@J?^QJABB@^DDHBb@A\KD@@GFG^OBEVMLMV_@DSLENMXE?WBGDCJA@GF?^YLOB?Na@LKFAHIBQBABD?GFGBKDCBI\IDQTBHGHDNn@ARLCFI@MCAC?@BE?@@JAAC?D?EFAD??B
6264083033,gotqFpphaSjDjAxFzB`@R\XnBpBr@l@r@\p@Pf@TRBd@Ch@KBCnBQlB]z@W`Ae@`Ao@`@]^_@z@gAlCyDfAyBd@wA^aBTcBFs@HiBHoGJiBFq@VaBRk@h@sAp@gAx@}@xAqAvGiFtL{JlBuA`RoOdFmEdPuM~O{MfJsH|HwG|@y@z@_Ax@eAjAoBh@iAt@uBl@aC`@qCx@eGf@cDb@gBTo@l@wAr@kAp@_Av@w@vAoAjDgDz@}@t@cAp@iAj@qAtBiGh@sAVe@r@aAZ]^SrAIf@AdGB|AApCK~VeBlE]tB_@lA_@jAg@jAo@hAy@dAaA~AoBhIgM~@mAb@c@b@_@lAq@h@SvA[j@Il@Al@@l@DjObB~R~BvCTdBDdBEp@EbBQ`B[n@Q~Am@|Au@fJuFnSkMnCwA`Bq@xC_AdDo@fDa@nBIv@AlB@lBFdGZt@HfBLlP|@vX~AtCJjEBpCGhFU~AMxC[hEm@dEq@`_@iG`JwAfB[fBe@dBm@pCuAn@_@rD}BtFaEjDoBzAw@~Aq@n@WbBe@~A_@pCc@zDYfZ{AzH]dHi@`BW`B]zAk@hCkAvA{@pA}@h@_@jAkAhAqAfA{AhBwCbDeGvDqH`M_VzJsRxBwD`CmDb@c@TKRCf@@RFp@p@Tj@Jt@?z@CXIZKVYP{@Ts@AUEUKSQQY]y@i@qB]{AWeB]eDMuBo@wL_@mG_BcT[sGc@oLs@sNCgABmCIaSOaUEwOK}BQ}B[{Be@{BSy@q@mBy@gBaAeByFaJ_KuPgBmCg@m@c@q@y@cB_BqCqFqIeEcHsDuFeJeOyF_JaBqC{AwC[s@Yw@k@wBc@}BMaA[iEk@kNWeJEkCAiCBiCFgCx@yMJmE?s^CoKOmUDoPHkELcCRcCj@}FR{BD_APyN^kP?aCAcCImEc@eLEgC?kEHqMAgGGgCOmEMkCOmEG_E?ov@Em[@oLEyISqKU}Eo@yKS}FQmDWiBGy@MmBScFWuCOoF?y@BuBJqBFw@f@yC`@{ApBkGv@kC^cBd@cDPuBJ}BFcJF{CLiBv@iIJiDBsB?uBKoDwAm]]qJa@kIUeC[eC}A_IWsCKiBAmB@kBHs@Dy@@yFNoFJkBN}Eh@{GJcCB}EHyF?uAGa@DmBHMHCPA~CBh@Df@AlAFnBOdA@RBHJ@NCv@DnA?bA@VB?AG?BFCDJ@A?CFAGBLHLTCFOHET@LDBBABIAG@QHC\JLT
6254277911,}`sqFhefaSJCD@?CA@DLEDI@]TORKHE@OKk@mAKAKFg@b@eAbAORSJY\}@n@kAdAMRUV_BzAMHSMg@{@qAaD{A{CEQ@UCGG@uCnCe@Vq@v@WNW\eHrGmA`Am@l@QDW\aAv@cCdCeC|Bq@v@_EjDuDzCgB|A{@`Ai@p@sAjBgAfBE@CE}AyDm@iAAIBKJIGDDCD@?EFIC??EJD?AE@CCBB@?CB?GA@CAD@GA@@CB@B?EF@FEI@@?
6254069656,ctxqFvmt`SA@@IO]B]AKGIKCeCDuDCuBBMAIEa@YGBDJJFb@NT@pBApEDjGAp@BhA?|ACj@@x@ANGFODWBaBDyK?aLA}BFqh@DqD?_HBmIAmFBiCG_RE@EFEd@@fEGvEDfKCtE@`CIbJ?xJDlHDtCCXOMC?CBBBF?EWPKF@BCDKBSK}FBwJAcDDaOAqBFgK?gKAk@IkAB_@BEBDAqCBgD?cTBkCAwLDgG?uLL_CTwBVqAj@_CrAmGnAqG\mCBo@@q@GwF@iHC}HF{E?cGC{A@_DBgC@uCGyDASCD?CDC@IEeC?wFLqBBODKJGbBHBCF[FOJe@C@CE@E?IKbBITIDcADOEAGKCIq@B_BS}CAgVDsHAgDGcF@wFJ_PAcNK_FB]EMM[IEQAgBHkEAmABqFE}E@uGGqBByAGXG?D@AABs@NYVGPMx@EhCDpJClBCz@Y|AYfAGLUVI@EEQm@BGBBCBBEECABBA@@IACD?PBLPPC^OXi@v@g@f@o@f@AB@HD?JGbAw@TUh@{@d@gANg@Z{Ad@aEC}KDuAAEC@@GB}@DMHKLAnACl@@xAClJ?hIFnKElABL@BLM~AEzGDxHBxb@LbPEnM?rKErC?hCC~@?`@C\BCC|FHxEFhK@rIAzFDvD?xGFjE?fCIhCGl@UvAe@hCgArE[~AWdAu@|BW`ACRGtACnFMjKG`XBvDC`C@~FCdDAxLCnEF`GF~MG|MGzCB`DGzH@`_@C`FBxLAdAIjB?|CEnCBL?EIL?FGC@t@GfFHzKDlCKpDAr@Bl@E?DAACDB?PGhJEzK@n@NlCF`B?vID`BdC|Wr@hHfA`MZvCNfBhAvKHbBB~C?jGJ~\@nIAlFNxR?bOBpHExACDEEBHAfADz@XjBbDdPbCbNn@|Ct@`EbA`FdAzDzDvKt@rCRlAh@|ElAbJt@hFV|A@t@J\lA|HbAxI\`ETzAt@pDx@hDb@vBb@`C`@dCXvA|ArFd@|BzBjJn@vBnAbDjBrFdBhEfCjFnEjKb@~@hAfBP^Pd@Lf@b@bET`B`@|APj@Xf@\d@~@bAzCvD`@`@lCrBp@r@fArClBfEbBnDz@|BzA`DdAfB`@x@NDVMb@_@r@}@bA}@VYb@[FAFDh@nANVl@xAXb@Zt@NXh@vAh@x@tAvCz@tBj@~AEAFDH@j@_@b@i@~@y@pAuAfAw@hBgBv@m@FKBK@[w@aB_@oADW`@g@LKBGBGAQSg@CQKKE@y@r@EZRfAJHt@~Bh@fAJBLC`Ay@b@a@HKBIAY@MJKBGACC?CL@f@GL_ApAc@`@K?IGk@kAs@oBDOFITSTYBG@SAEAA@FSa@GWSUCKDBCLHTX^
6216376165,avqqFr{iaSEACOSYKHG?OFCACDBBSMu@?WIIMI?GG@A?BGCCGQAQOOEWa@DG?ADECOK?GEPSBKHEIIQG?EXK@G?AHEFAABBAHELBBDCCN?NEGAFDCKEEKBEJB@BE?ECDG?BD?GFEh@YjAkAPKh@IRAf@@fC`@THRN\j@NTRNTHn@H~@TTBR?PIXi@Tq@LUNMRIPCP@NJZb@PNRJbANRJNLLRRp@zAbIXx@NTPRf@ZLLh@v@JJLFND^?`@Gl@QNANBNF~AtA^f@\h@x@~ApAhD\n@BJ?RBFHDR@JJHQTMHQ@EAKG?c@NO@QEQMMUoAgDk@qAaA{As@y@cAy@OIOCQBeAZe@DSESKe@cAkAeA]m@a@wAi@aDc@uBWk@MOQMe@Og@KSIo@u@OISAQDa@V[d@Uj@KRMNQHSBSCe@WuA_@QMu@kAOKc@M{B_@SAk@DSFSHQLkAnA_@RQBkAKSBc@Rc@`@QJQBS?w@Gc@?MDMJKLGRETCl@@r@Dh@Nh@Vf@t@dAHRFV@XCjBCXk@lDGrAELIHK@KEGMCOVuBL_EG]III?KFGJCRAhAGv@g@fBq@hEKRG@GCEKAOP}B@yB@[Lu@Pm@DWB[Cs@WoBc@oBYq@o@s@We@U{C?WDUl@kARm@Li@HO`@Wt@SPC`BBb@A^INKHSF]HiBDYHSLQNMPGP?b@FPARGPOd@c@^g@Xi@NQRKh@Sl@ATBf@NtAv@XDHEFKDk@Es@UwAA}@DYRi@NOPKd@Mf@?RBd@LxAx@NDNBNALGPY@SEk@Oq@Is@?q@F[NWd@k@~@_A~@w@|@i@RQb@o@h@oARqAJa@JQ\YZMh@YR[BS@YCs@Ms@YcACY@[\mCPgAHUj@y@BMAMEMKGMAMFi@f@[R}Bf@}@\}C`AMBM?KEKImAsBiC}Dc@u@{EmKY_@]SKKIMK[ASB]?OKa@QUUMIKQg@_AgBo@wA_AkBCKBo@GSGCG?GDGHIZGJm@d@_@d@aAp@c@f@YVs@t@_@b@sAdAMV]hASZ}DhDOTa@\GBG?IKi@eBk@uAKQSa@IASLW`@sAbBg@Nq@l@oBnBeAv@U\g@^QR[Xe@ZE?OGIKu@sAQ_@Mg@MSaA{BcAoBqA}CqBiEIY@BG?GMECK?_@VQXYXSJWRo@n@U\a@ZEH}AtA_CnB_@XoCbCm@j@SXE@QVsAfAmBpBgBvAsBrBiA`AiJzH}AbBsAhBiAfBWXGCiCyFCI@GHILC?C?BC?BCE@@BDAFWD@EDDAAAEDBGEAG?CGHD
6216070864,gzuqFxrgaSFXNVE@@ECAAFAAABDCG?B??F@EBBKFAHGF?HJV@XHAT\~@hBd@jANTz@bAfBfBJLDJ@Lg@v@IT?d@IJADHJJI@GG_@?KDM^k@JW@I?OISyCgDKS?YFSjCuDfAqApCoCbA{@hBwApIyHlAq@z@q@n@o@dCkCvCiClDwDPGTWf@_@\a@PIJMHAFIZQ^e@PMJAd@g@^QHBDFTj@`AjBNh@Xd@t@hBtApCt@hBNh@xAdDDFH@JCf@[j@k@x@o@NQp@k@d@e@nA}@bBgBv@c@LM^a@LULIF?DFb@z@fAdDDHFBRGrFgFTY^mAP[d@_@VYjAaARUjAaAPSf@a@JMACNI@EROFKNM?DHCN?HFPp@nDzHd@|@Z`@BLAf@BPJRr@t@z@rAhAjCb@t@Ph@d@`AzEzHR`@Tn@GFK@IFo@v@cCtBSJK@a@B{@HMHQTARLn@Df@BvBAx@Jj@HRPPPLRHTBT?nAIjBAj@@PDXRPPH?n@UpAURI\YXm@DCHJBJOnAIP_@j@]l@?HFJH?TQXINGf@_@b@o@TUv@Ub@?DGEIEAq@L]PWVe@r@]Xa@Le@RK@U?MBg@b@s@^m@j@[Ru@z@Yn@ENEz@Hp@Vz@@P?TKf@OJU?SIg@Y_Ac@w@Ka@CS@QFQN_@f@IVKn@@\N`AXtA?PGL[JMCqAq@i@OUEW?q@JWLUPSVa@t@SVWRWNWHUAi@KQDOJ]^MRC\CzAEZGVMNSFU?_AEm@@SBi@Nc@XONMT_@jAg@fAGX@ZRpCHVJRn@t@\h@HXVxAP~AB^Az@E\]lAEZG|COhB?PJZJBLGHODQ`@eDP{@^uAB[BcBDOFEJ?FHHb@?TMbCUlCBPFLFFL@JEHKDQBiALu@ZmAD_@HeA@a@C_AE]KYs@}@MYYq@G[?{@Dw@FYJULOLGNCjALRARETKt@o@d@Ib@Bd@RCD?EIEOHSBGJOHBBB@@CBBKHNJBHG@JJLFL@SMI@UCMFBFTHAL@JR`@JBC?DFTLPRLFZJJ?VJ?EPFBFPKLDX?FDBGBCVNFB?AJCJGF?JGB?FHBACPEHHHFN?AA?AD
6212495735,_nsqFlqgaSKZATGAWDS?QF@BAAPLCC@DH@HARBBEAWFI@DACD@IAg@LQLEE@A@F@U`@KH?HDBFDBBA?B?KAFCCABBB@AA@?BB@MEC@JAFFBC?IBCG?BBCB@?OAHBCAFCCD?A@B?EB??@CGD?@@GFGCMe@Cc@KWAQOOCUQo@k@aA?MEEABA?@FAGFFJXHf@LR?DJJJh@b@d@BRC^BBHCDDDJ?F@AA?GHoBqCIQ|AdCN\?BKBS@IDE?HDCCF?C?AE@??@EC?@A@DH?E?@@AC?D@Gg@DRATD??A@@AA?DC?OSCN@@?CBB?CB@GG?BBBd@RDJB@FEDI?Ic@iBe@iAe@k@GCIAQDWVg@Za@`@OHGBSCw@uAg@oA[g@s@iBAGDQXUJOVQD?JFLRn@jAXv@EMOQk@eAQa@KMGCG?QFa@Z[Vo@z@MDUQo@kA]y@W_@E?BDGGG@i@f@KDE@[MGIg@cAw@wBg@w@_AyBEMKKKEKFg@l@_A|@mB`ByA~AwBlBs@v@gExD{DvCaCtBo@t@iDhFWVGCIIQc@e@y@]u@[_@]{@AIBERM?EABDED@?ACJB??QF?BD?EFA@CEAF?EC
6181354571,}suqF`fgaS?A\z@?N?AXVHNf@xAb@x@H^R`@FF@HIFJ?FBECJCJDAH@HEL@AB@BZGJEC@CBB@HEBGAANMLC?EGCIHC?DUVMRB?KTKHLOBIACC@CJLIHSLQDMZOJOFYGMA]GIbDwCEGJGJBLMb@KDIOsEB@IO@GEG_@KJEGMwPrQB?GWD?G?CB@H@GA@@@ICF@LCBCCFACBC?C?NBGAABA?DEA
6137718221,cyuqFfigaSM[KMQ_@MsAG[_@e@IGe@u@c@YWGSMMMGO@MHMNQRKTU\U`@_@JU@OGo@Su@Yu@SiAc@_BCY@G`@m@PSN]Pk@HORgA\iAH{@Ls@Hw@VmAr@wEHsACOGOLOHW?a@CFB?@GPcBJiABy@PaBAg@OcBGa@G_Ai@uCA{AGq@@WBCCHBA?CGBABFEACAB@FDDB@AKEA@JBABBG@?JDC?EAA
6067196495,yxuqF`sgaSIJ@HIJ@CA?MIE@BBA@@CH@@N@E?BEE@BCACFMAUWU]s@{A?ENS|BqBtAwAJSt@w@~GiGf@i@lAeAf@i@nG_GpC_CjFaF|BkBxCqC\W~@aAfB_BrAcAn@o@RWAEn@g@pAuAdEqDPIh@Eh@Bf@Px@?`AOt@SvAi@\QfNmMrBcBbGuFjHmG`D_DPe@FeABw@?oAVmAKcCAw@BeATgBP_AToA\uAnA{D`AcCzGeMbDwFp@sAZa@JE^Hj@z@h@p@VXz@l@`A`@b@Jd@FfABhAMpCq@pIkBlACd@D|Dl@jAHhAEpBWb@M`@Q^Wt@y@V_@r@m@j@W\GHDLXDPDvA@|FE|EBh@ThAf@|@v@j@fDvBp@n@DJC\i@~@Yz@K`@MjAApAL`CFh@XjAPb@j@z@n@j@pB`AlA^hCf@|Cd@^BRCLMJg@MqAUuA@m@Nk@Ti@Fe@AYIKWIEGGOCA@?@EGZBA
6044327787,_yuqFdtgaSMDE?F?ODUM]_@u@yAAg@~@y@RYrDmDv@{@|@w@NEBUDCNIHMd@[`CyBnHiGlIaIrBkBbAcA~@w@lAiAjGqFz@_A\[~AkAlAgArAsA~@{@pBaBHCPQ^APE?EJEAIEEFNCDKJI@OAGCCEFQZUVWB@DHZ|@IPKBKQEABA@B
6039429601,sruqF~rgaSDBHELSe@x@EL?^g@^I?IDBDSPKDSX[TGNCBCQMSSm@IQ?EQ[?CIQ@C@@CCDONC?CE??BAGGN?IBDAA?BE?@DEH[T@CAG@DA@DCCA?D?CB@C?@@A??B@EABD??CGED?CFBACBBAA@@CEBAAFCA?ADACBAE@DCC?AD?CB@A?BCAGCD?B@CC?DBE?D?@C@B@AE?B?ABAABAEBB?A@C?BCC@@CHCJJDUPSCEABDI@@ABDAEBFCB@A?F@A@?A
6035293712,oyuqFptgaSCA?GAA?BOHC@IE{@kB_@kAb@[tAqAhAiAl@g@V[rCiCpFuEvAyA|AsArCqClDsCbCaCfB_B~@cAb@YjCgCxCeCrBoBXa@t@e@^YTKZHFAJEJWACBD@OKc@DUhAs@fAcAnAmAz@eAIBOMmAqB[q@GAe@F?B@CBDaBxAOQYy@[m@aBaBw@{@s@cAeBsCqAkBwBuCcBoBmD_DoBy@iAo@gAe@{@i@w@_AeAoBSm@[gBWeBYeDUkDMkFSmF_@oHOwKS_FKkBeBwJcA{E]kB[oBq@{EOy@u@eD{@wC]_BUiBg@}Ek@sD_@uFSaECoJDe@n@uE\gAxBwCjAqA|@o@b@Q~@YbBk@n@CzAx@r@Tr@G\Mp@{@lBkENi@Ho@^{GFo@VqAR{AL{F|@mRN{FBeB@uCMeBIq@u@kEy@_ES{AOcBLeGBaFCcI@mMEmKF}ABiCAsAGaBBk@Jw@Q_BQuRByECiAFwKGwJDeC?mACgE?sEDkEB}@?kE?q@KwBBUE_@@CCiB@aCEsIDqE?qAGsBDuGE_G@eJGiK@oAGgF@kOH}A?YAqCCq@@kA?IIODq@?i@GsCAiKDsC?_FFcG?{DGeCDaCEcHKwHCcFOqAF??EB@BAPoFCwDOyBIiCJ{GHcMMyDB}DC}DGgAOcAK_@w@eCWaAUgAQuAR}@N]Ha@v@qEJw@Hy@PiCHoB?eAIoBCkBAcKKgD@gAHaD?uBAwAWuC?e@^qCJcCCoB@qCCoCHqBMwAMMHCHGIOEMDWBg@Ai@Is@_@sA?gAVmAJwAAyAGyA@]IgAQcAC_@GeBLw@Vm@Dw@A{ACc@MeACcAHuDEwBBSNc@Ji@f@s@Ii@KYIAGR?[Gs@?}AIw@Ao@CyDOcB@w@AYSiCBwCJkANeAFeAB[CeAD_ADYTw@LeA?g@?g@MiAKa@OaBEoADkAE}AFkDUkBCqABgADYDaATwAHu@IgBAeA?gAFyA@cACaBWmBUiC?WVuBBiAF_AFY?cAGc@Ft@CG?EB?AAEGFg@Cu@Da@KkCK_BEwA?oABgAGuDGwBIsBDsAp@oEYs@Qs@FkBL_CPgBImBI_@CIMICD@BP}BB{@I{B?_@Dq@BKDoAAu@O}A?}@PoBZiC?ES_@QaAIcHF_DAoCBk@CaAGYDkAF]B?Gq@?kAHcDEo@HeAEmCBsAOwAFm@BcCPwD?LCQJ?d@N|@FrBEJGDNBh@CdADLLNz@d@NDh@B|@Gd@M~@Ex@Q^MF?XLZD|A@lAN`ESfASzALnAAdCXhACvB@f@Cj@@lACX?hBRj@ApBi@xBMOM?JAGMcDEmBAwK@yACeBBY?qA?mNKgEDmBFc@By@?cCE{@ByAEgB?aFK_CQwBc@eB}A{Dy@oBWe@[[CIPAZRy@{B_@kBWu@w@yBg@_Aa@cAS_@e@yAu@aBMOOEq@TcAv@o@J_AD_@IWUS]CMC@P\Zd@PNpA^\SnAg@p@Ih@?nA`@Pd@t@dEf@vB|BnGdA`DzB`Gp@tBHn@A`BDn@Jz@?TIhD?v@@x@HfBAb@IRB?@F?LG\N`A@`@NRTDNAx@MdDy@~@?^L|@NZ?n@FXHf@Hf@AJKNAVAj@KYFNCBCBIAoBN_ADiAIg@L?PG\HR@tBFPBf@CTDf@?d@Et@YpAq@z@m@tAsA~AkBlAgBGZDJRBl@ApBVx@XbCxAt@^f@NxAZ~AL^II?DHN?FEDI^sC\{ABAA@BBIoBK{@?WLSJEZAtABtB?xDHfBENOBq@EkC?wFCeC@yDA{ABcBBg@@w@EgPF_HC}DBgFA_N@kBAoD@[CKB[VGv@A|AD~A?r@Gh@B`@Cr@F~@?H?@CjBAfEOz@?h@CPKDoBCkA?y@A@MU@{CBk@@CNEN@HA@CCJB@hBBtBC^BJCFI@MB?JHp@@lACdADh@CnABvAExAHd@?v@CX@DE`@?lACdE?FB@B?AC@j@Gp@ElAARCT?xAGJHLBDS?OEgAB}CEeCBmACyA@uAEsE@{AGeHFiHEsBFKN?J@HH@NGp@?L@[DB?LE?ACHFGE@IDC?CCA@??JJB@DCJBI?FC@@A?DA?@IAH?I?H?EA@BCA@BDAAFAM@D?@C@@C?AC?BC?FAE@BA?DAI@DBAGAB@A@?C?BCA@B@C@BKS@EC@BAC@@BCA?CBB@AB?EW@MBAAEUIaBGK@_@ACBNBj@OPK@IyDCOEl@uDzBoF\G{@rFnAkBwAk@p@dA]fBc@n@e@ZMBnA@TFDNGFKAOKIA@TXFJH@HGRUDB@?HpBkDeBrABIAi@@BBg@uC`CdBg@iCtBdFNwASOKwCSGE_@e@c@I{BN}@AMA[KI@BLZHjBCb@DHz@@`@K|CKFO?cACe@?CC@AADM@SPA^BpAGl@Yx@IJUNYHDB@FK`@Ed@Qz@BTA\Bd@FRHBh@AFBHLBh@AvACt@AFEH[Fo@?uD@SCE@@BEDW@eEGwA@]EICIDWDsA?m@A@BO@i@?c@Dg@@oBAoB@aAFKB@FA?BCJCjCGnBBxEAnACPDLPBj@AvDDbDAd@IJLb@D~B?hB@\BB@WE]CGOIQCaEDw@Ea@IuBNcA@k@Io@BYDAFGFCNBr@@bBCV?rACxCBJ?GB@E^GlBBdBDhAEx@HfCAd@AJGFMHo@HkEMoCBaCE[B?BOB[?MFCLAdFBjFIpGBdDAjHB|HNAFIf@O|E?REFERa@@SCgBGkBDMHCTE`AD~CBjANR@~D@z@AVBHD@TAbAFXXD^En@?RKBGB]CMI]WKcAJ[AGG@SFEh@_@`@_@`@ShDBhC?DB@NG^@BF@BI?g@BGVG^Dr@A\CTOFANPFAv@oBNWJIVEl@CD?FF@TAdBBf@NRPLVH`AArALp@Kd@ND?GM]IE[@oAEc@MSOBGHAZDh@I`@KHa@?}@I_AAQEGIGe@@gADeALe@Nc@ZUTKDIKCKB[Z]TYLYDc@Tc@Z_@j@QZSr@Uf@QLc@RWFY@qAIsCCuB?aA@UBMNUb@UVWDoAEwEA{BGcE@GAK@EXCp@HvBDf@F^CHa@H}FKWFM\KzBAxVAt@Ef@HjB?hFN~A^dCT`ARjBAlF@dACh@@t@AvAEPIDa@CmC?cACuA@OFOPCPBh@b@lDHtAPdCFBAeAF@@AODGA@@UAC@?D@YGaA?e@@?A@GoAOqAEaAB[AQWKQAe@KuAo@QAwBBWGkB?o@RO^G`@C~BK`AQp@Ub@MNa@\m@Pw@D}@CcHBc@@QJAb@Bn@AdABl@DF?p@Et@?dA@vDGp@OP_@Bi@EqBCsADcCAc@CoAFgBIo@@OBKLCh@?l@D~CA`@SRIBa@@q@C}A?I?KFIb@AVFrA?xAALA\CHOFw@D}C?yBEcBAYDmBCaB@uGM_BBwBAK@AFBBC@s@KkL@qDI_A@ABwFIeC?GFCVAhBDrECvAH|FAtDG~@Dv@CdADxB?dFKH_@BsGGS@CAKBGDE\DrGAbBBB@A@MAw@h@@\EhC?A?_ArzYEbB@BBBA\OrEMlBg@tCKlAU`E[bAQ^mBjDm@p@q@^]Dy@A[CoAg@Q?g@NgBfA}@\u@d@q@|@qBbDQ^a@hA]jAGh@KnA?zBLtGH~A`@tD^dFb@dCPzATjC^dCnAxFb@hDn@dDpDvSh@~DLbBHfBfAjXL~Dn@|M\bEf@`C`@nATd@p@fA|@bAfAr@nBdA|GnEtDdDP`@p@`AjBhDfBpCj@v@dAlAd@n@t@|AHFXB\Wz@eANIH@LLf@v@Vh@XpAS^wAbAq@n@cAbAa@f@m@l@eA|@q@f@gD~CGJOHQRGN]Xo@v@{AlAcAbAgJjIiDtCwAdAsAnAg@`@uAxAqB~AiIxHc@f@uApAk@d@QLOFGFBNNd@pAfCL@@CCIAJJAAOD@AAJC@AC@?I?BFIGJFAEAADAC
6030193488,csrqFzpcaSWQ?@F@HQNMjAo@\KD@RXNj@IVQJEFu@^a@`@UZS^k@l@OVg@j@WLIJALFTx@bBx@pB@NITKJOFkAjAiB~A}@j@WVUR[b@g@j@kA~@_@`@UJa@Zs@v@mAz@aEfEk@`@YLDHB?\e@HGJEb@l@Tn@@FCTs@\QP?LHZ@CBG_@a@OYMm@CKGAM?[RUTi@^s@r@EHDVl@vA\p@Lf@?LGRON_ChBmD|CaC~BkFtEUZKF_D~CiF|EsAjAqAdAwAtAgAz@cAbAkA`A]^YT_A`AcCtBgE|Do@p@kC~B}@bA{@v@CJ?HLX`@r@d@bAJJNDDA@QCH@EHC?BAAEFF@?WC?DC@DD@BA@HIE@GFDEGBHCECBEA@@CGLHEALBCCBAMC@F@AECD???CD@?IABA
6018810179,wyuqFhsgaSBBCAEBBAABB?E@@CD@C?GHB?MGL@IADC@DL@DD?EGNE?LFG?@EA@?HMJBb@Tl@zBzEj@r@dCjCF^CHi@~@CVBRCFIBE?MEAODIFKPKr@_AVCLFh@x@Vh@Nd@Fd@CC@ABBD@OeA[w@eA{Aw@{@qAsAu@_ACUNc@pAuBFa@EQi@wAoB_E_@{@Wu@BSxBmBtA{AfEwDpI}HnHiGpDoDjAeA~BiB`CcCvCmCdCuB`@e@x@{@r@i@zDoD`@QPCf@@rAR`B]pCu@t@e@|B{BbBwAbEuDNOVIA@FIFAVJV`@hBxD|DrJf@z@FTN\BD?AB@@AVf@`AnChClFRh@PXTdAVb@f@dAxC~GVd@V^d@Rj@@TGROj@m@jBiCbBoBrAoAjC}BlGgFbOkMlEmDvEkD~HsGpH{FbAq@fEkDl@k@hCeDvAaCh@gA`@cA`@oATOb@DfAXlEx@JDF@?CD@p@F|A?zGOR@^NH?JCNOXIfACjB?hCIvBHtD^|@FRBRHb@ErAFd@C`@Mp@[v@ST]d@[fHmD~BcAjBa@r@UhAWp@GjCC~@IdC_@`AU~@]xCaB|A}@zAcAvGuD~@c@`A]bAUtHs@dAIdACdDWfKkA~AEfCAjCBdCP~@P~Ab@|@\nCpAp@Th@FJ@d@Ch@IbCs@tCoAbA_@dAY|C_@zBSlEKzBOpAMnAYjAi@b@]bA_AdDsDbAaAdAq@jAc@lAWvLsBfKoB~Dq@hEy@vH}AvA]|Bs@rEqBbF{CvIoHbBiAbAm@fBq@bA[fBWdLw@tC_@hAGdEIlACjAB|BChA@lAHjARjA\xBX~B@rEEnAMlA]jAg@f@Kf@EpABhHf@tAEtAQrAE`C?tAIj@IxBi@vBm@pCoApCiA~Ay@z@c@r@e@x@w@j@WBCC??Ah@a@JE?BD?FMn@a@^OHBDG^QPYP]\i@h@_@JAd@XbAVVRXJADCAHBFCL]FY|@gDXgCTmDHu@XmAf@aBRw@t@oDLuABk@AyAOyAUsA}AyGUuAGUEKA?wA{Fu@kDSaBIiBBiBPiB|AaLPmB\yELiI?cDYyJGu@WeBa@_BiAcC_AeAeA}@{MsJgA{@iBaBgBkB}@oA{@sAw@wAmAiC_FcLoCyG_EaJaCcG}AkDeE}JgCyF}@{Bu@cBmAoD{@{Ci@}Bs@sDk@_Ek@gEW}C[yEOaFGeF@sBHoDPoDLuB\kDn@eFj@iDdA}Ez@eDbAcD~AqEbC_GnBeEl@gBf@qBZmBRuBLwBFwBAwBIwB[kD_A{EmAwEkDoLk@eB_CiIu@_C[mAkAuDeAyCGKC??@AAG[qF}MgA_DeE}VeCwN?_@NKTEh@A`F?dA@bDAF?BE@_@GwFBce@DsC?q@Em@?@@H@cA?mFAaHCwAQmAOe@cAeBe@cAMc@Kg@GsAFcCDqF@m@Dm@ZsApA{C`@iAJc@Be@KyOD_BAaABAEa@BeD?oKEyH?}KCkF@kKAyBBcUBe@EyC?aGFmLEaJDoMCwKCaE?aJ@w@CeAAB?{ABoCAqED_DAyJDsIF_GEuKFqMImDAgILy[AwA?iHEeNA{RCyCB_CD_@CE@UCMA@DSTI|@I`BEbDAdBEJ@d@EtI?fACpHH|DMRAG?JSBe@AuH@cIGaO?mEFeFCaCFwB?w@CoC@_LCaFBcGDq@?o@EwCH}MBcJC{AFcH?aHBsKBi@AE?D?sAHcFAmCIuEIqCC_C@cc@?kDCIAB@B?aBEeE@yGIsID}@AiIEyDDwGFeEAgSBoCA_AAFI_BAcBV}P@qC@yV?c@CEEJO?GBAL?BVCFGDKFg@@wACg@WQYGqA?gCFa@KGKEe@@qBAGGCDa@C@@^EGG@CE@ADHB?LGSGEFBBG?A@B@AFG?DBCAABACA?@?ED?CB@A@@CABB@?@B?AIDGD?@C?BBAGGA@@GA?@BDEBBA@HBFh@CjCNNb@FfDAjABQDFCBBHPBRB|A@b@IdDA`EDnDAxMMdJ@dFBdA@AFBDBIpJAvHOlPApEF|PAhT@p@HPFD?JJ?C??^MjD?|@QrI@`LApBDPBfADnEA`CI`CElEBdBAtA@DBADJBAA@EI@@CzKDvG@jBA`A@hDCpG@fAC`JBtPG`DBnDEjQBtEAjED`G?fFBxDGzLB~DAxCGhHETQBoCFeLAoFIcEHgDAwB@{@HEAGG]CQRG`@HpKAvCB`BEfCBbAAlCHbGGzB@xIB^DzCM~J?zBAxA@fDEnD?nFCn@@PHh@G`@AhCBbDGxDD`KI`EHj[EtEAADhAGdLIx@@`B@|HCbCFhCAhEFtGCtD@jLAdIJrM?fFErACfFBrJE~A@zDB|ACxBFdDChCHpIC`KBnBEX@J@Z@dEEnC?vDCxAFbEGjAGZoBxEOh@Mr@KjB@zBA`F?j@HpAJf@d@dAbAbB\jAHj@Bl@AvGGfD?xABf@C??vMEfHF|HGfBA|CH|FOT_@@aAIeECSBEHALLdADl@?JILWDi@AoB@[HEBEH?b@BVxAjI|BpNfAjG`@pC`@tA|BjHjAfD@B?A@?BNjBzEfD`JnDlLnDfMh@bBd@bBhAbGJv@XdDFpB@pBCpBEv@OlBe@zCu@tCi@|AmFrLuAtDoAzDw@pC_@~AqAlHk@jEYxCYnEOrEIpE@rEZrJP`DPhBv@dGb@xCv@zDf@|BhB~G\hA?\GNq@`@}@p@yBfBkBbBoLbJ{ChC_@VcAf@eA`@gA\iARe@FqBLkA@mGCcEDg@HkAb@_@R{@v@[^s@fAiGbLsBzDaBnCy@x@aAh@a@P_ATw@Dy@EOGM@YRSl@C\AfA?lAHlAFf@ZnANh@rA~CPl@Pl@VfBLjB@nBIlBIr@w@jG{@jJoBdPi@hD}A|Gs@nDsAdJ{@zGOv@i@jB}ApEk@lByBfI{AbGaBnFk@vAo@nAyDfHg@p@]p@[n@Y|@WjAQrAIzA?xAHvAJt@j@dBb@z@PV~@~@BXCJQLc@PYFc@@}AEi@FyDrAaAP}Ff@_DRoAB_HS{RaAg@AmAHoR|F_NbD{Ah@uHfDeA^e@JkALkABoBMiAQgA[cA_@_Ag@{AeAy@o@o@_A{@oBcAgCe@}@m@u@WUWQo@Ok@Hk@`@_@v@i@hByCjI{@dBW^mAxA}@r@a@Vc@ViAb@cFrAsAPeDHuFV}Iv@]FWHSNMNaAfBURKD@ASAS_@a@uAyAgEo@yBoBwF}B}Ga@iAyAqEsAkDa@wA}B_Hs@{AOa@OYM[EGOEONMd@Av@J~O?zHBvFEf@@fAHbB@lAAPBvC?bBKtCu@xEk@fBc@jAk@hAq@bA}A`BeDzC}BzBy@`Ao@hAk@hAe@hA]nAUrASxA_AhIYzA[tA_@rAyA|Cq@jAy@fA}@bAmC`CyD|CoC`CcSlPwE|DcAx@aEvCoHfG_DnCgCnBuClByCfBwCzA}CvB]EW]eCyFG_@Le@GYUMOQyAeCGI_@Y]o@WOOWOYkE{K{A}Co@_BqAcCgAaDmBoDWDmCnCsAjAwBtByClCkCfCmC`CWZa@XaAz@uArAeCpBiF~EsAfAq@n@q@j@eCdCqFfFuAlAoCtByGhGiDvCeF~Ek@n@m@h@wCvCmAfAEJBCDJNRrArCB@LMAEA@ACBDJODF?KG??EA?JB?E?DAA?@@CC@@NAE?DAC@C
6012221488,_rsqFrieaSCDB?GEIHEJBb@J\V`@LZJPLHHN?LOTwBnBMPC?KFEJOJc@f@cAz@WZAH@JRVlAhCA^]\o@z@WNwBvByAlAUTMZUNKPALJVVb@p@`BFb@Lb@d@hAr@vALJXBJIf@k@LARPT`A?HEAN@@FO^DDWi@AKRDFADJHCCCGAO}@QWc@Qu@~@YTYd@oAfAQNSHwA|AOJa@`@QJG@GEUe@_@m@o@sASKSBQL@LDAZ_@?]EOYe@_AoBIA{@r@c@h@UHMPITSHWP{BlBm@^cAx@a@\y@~@SLOB_@j@uBpBSXSP}AdAgBjBOJa@NSGWNaA`Ao@v@KKE]IUQ@_AfAs@Z[`@MISm@k@kAKOBONM
5971744543,gboqFr{|`S?CGAGDHAF@iA?o@jAyEBSAi@bB@CyMloA{CrPw|@~mB{u@huA@At@zEWcAwAaEfFsEAGDFCAAEBJFACEC@HEJ?KHAEBDWQEW@ECDCEFRJFAJ@??A{fAjr@
5945714444,wveuF`wjcSHV?b@Dn@J^AHKFMXKf@ONQdA?PCNCbAId@AVHx@ABE?CDEp@F`@HNBPE^?n@E`@Sh@MLCNC@c@WWKQAQJO~@@~@BFQh@QpAO\_@`@ILYVYJc@h@GNa@Li@?YBe@COE_@]OCc@@KOA?G~@ET@n@G~@CbAO|@@zAG\@b@Cn@CVKP@KR_@FYDaBCc@BUEw@P_CFuALcAHSHEN@FDNTjBd@PBT?@Eb@_@XMV]VUFALBLCDYR]FUFGJ[LmALm@Ck@Dy@DWHGTDHDPTNHd@GFE\?bAYRM^[T]Ri@NWCO?GPa@R[HUJGDIFWZw@LGJ?DBf@zA^l@NPHh@BC@@h@hAz@nAf@RVNTXDBNCNTRLP?RDt@Fb@J`ACd@LR@RLJ@DBFRFBNPZR\h@LL^NPDXVTNNPVJTTSSc@UOYc@MQQYGWOO[u@k@EOIISGWCGECKEAgAEaBBQG]Gg@AKIC[OGW]MGQASKIOBa@CQC?IIDB@JADG?MUWUAQEGIEKAKm@Qo@SQUa@Mq@A??BCAIKEMYSKSOGKO]KG@GACEYMa@MMMOEMM@CFASISOGIGUSSAYFWEOOICM@KHUAGBM?QCM@EC[@ODU@YTEDQFIj@EHDTVR\E@HEZ@@@UEM@MAQSAM][A?KJM?MFCBG^BNNTAPIJCLDP@NAXEABG?@F??@QAL@
5945139685,w_fuF|mkcSC@HIHCCFEC@MEEUDCPc@OYWWIEBAv@CRGLMNYp@Qp@Ip@Ah@EP@XELBf@FRBDr@b@\Jj@JDALKPEDGl@uAXiAFm@LWFsA@GLSFEVCh@XNBFAJIRYF[C[H{@AS@IFIBMJyAPe@?@@]HUBs@Hg@?OHIJYD?VTF?HQd@OFSHOBIEIQGI_BKEE@SQIDIP@A?EC?B@CC@?AGDBACB?KABF
5937512229,ozuqFltgaS?FDBBJ?LDHCTGHGFWJm@d@k@h@e@Nm@|@[^e@TAH?RCHw@?e@Ga@Aa@MUBHCBHGC[FU?ECIM?k@CAA@WGO?]?WHc@@S?OEY?OHEE}BTqBIO@FLHBR@d@G`BFfACp@Ih@@hAIj@KnAmAhBqBzEsEXUHENWv@u@RH@EJ^d@hANd@Zl@n@zAXb@BBD?|@}@@UES@K`@QhAaAFED@Zi@Wu@u@wAEAQq@GME[]u@IQAOd@c@AEXQDAVl@Ph@Xd@v@jBt@vAb@hAH@x@w@C@IRs@d@GAMKIQIc@?Ob@WPAWH[RGCMSa@iAOUEWOWW[Mc@k@uA@IJCFDTv@N\ZjAJPn@l@|@`@\Dj@BZINI@CC??CLAJGTYRs@IuAOi@[u@S[c@a@y@So@KWBUFa@Tc@HQTc@`@ENNVBNLXT^PHHCDGV{@@GN[LKJIf@I`@F`@XNXVz@BVCTKPK@MI]a@_@UK?CBCJBJDFPFGHCEVJ\@XAj@a@G?AUMm@Ua@SS[Oa@GW?WHKFQVa@`AKNI@OQc@eAEU@OZSVINKtCsCp@g@pBkBHCRDPn@LXZ|@^v@APWJ_@^KVDXNTFTAN@\CNMPCL^|@VBDCj@a@AEIBMHSTSJEGBAQKASOa@AOLe@DU?YDIF?FDNh@D@NMn@u@PI~@_ADMCOY][i@]gAQ[EWS[EQSe@GGGFD@?Dh@fA~@xBH@hAaABGEOIEWaAGKIYMOGB?HhAzBH^f@|@h@lAL`@?CJVl@|@HTFBC?@CBFAFd@rALPLBPIf@i@DANBP\^b@LTlBpEAA@VHRZTr@fBZh@Zn@Nd@?DMHi@j@EFAFLb@Zv@FVLNAAJ^Hh@\^NV^N`@DHDJXDBH?DI@Tx@|@BF?PGNSLOD_@@SGMIO]Y[]K[Ag@Fm@TQNSBU?QF]DMJEXBbAIROTYBGBYXOFMAWKaAm@IAM]Fm@HQ?BF@ECUn@GHWDs@S]IuAOsBIABBHT?RGHW?[a@}@IGIAQLMPIDQDOGK]GIK]@AFF`@z@HDR?JGT]LGDDFLH@FCRSAADINAHDJNCLGACMBOFKAIGBEHHd@EXCFSLGRCZEJGFIBG@m@Ig@@uAESCKGy@Lo@FKAYF_@AQUYiA_@w@QYKI[GOBg@NQA[U_C_CU]IUg@q@o@qAu@aBUw@?GPGABF@?JI?DMB?SHKHDGPK?C
5935379946,mn|qFjgk`SDBDfD@hSC|NF~PAtEF~IAdHBtOBfAFb@F`@f@jBLnADvLBb@CDNLn@B\AlF@fDArEEvFFfCEl@Dp@NNHBDBAGBLLDHVtCTtE`@tLRbDZbDhBvNl@zCr@jFrCxV^zCd@rCp@dFtIpr@VdEN~F@dIB|@FvOAhDAHC?HZHLPFh@Fp@@jLMjKCfEI`B@tADTBb@AJELDnDKxEJtCIb@BTDLZ@f@CtAAxKD`D@rCJpE@`FDxAHzAVnDThCnCtWtDz_@LtAB`AL`W@hh@DnOCvFDvRC?BlBH`A|@~E|BfLx@rEdD`QpAjG`AhD`BpE|AtEj@|B\fCpBhP|C|St@tGbAnKThAlB|HTlBl@xDf@`CzAlFpCdL`A|C|F|OzC~GpCdGxBdFlAvBZdAx@fGXzAd@tAVf@Zd@~E~FlCbCfA|@RXd@|@hE~Jl@xA@J?HQZmBnBaIjHyBfBiB~AsBnBiExDaBrAkExDmEnE}EhFcExDqBtBSH[DORQz@@HDaA@IFId@AVShEeElAiAdAgAjAeAPDb@r@n@bBL`@?HDGCOIQ@KHC?EJDAIB@
5935169491,_p{qF`mt`SDD?CC@CGRy@Xc@PIXEb@CrB@~CCtABvD?|CJl@CD\BhBAhGFrRIlEBhBAdAHTGDACAF[B}BFab@?cHC}DGaBIqA?kEGGGGYE{MJmFByECcPEgDIkMDkVCmZBiSCaRH}C?_GCoCIuC@uBCcAAoGGwFUsIGk_@@uEAuOBwDE{LFwD@{CGkJDmGEqEB{C@oDBeB?gAH_FB}E@{DTINAzAARBjAEnBD`CBH?AB@G@@AKNHHL?@CBE?EECBCA?SCCAGDRRTHVAEDDCBB?EEA@BEABACD@A@BBABAC?FAKDAAD?C?@CC?DDCAG?DCC?FC@DE?B
5930090241,__vqF|kfaS?C@ADF?DIRIFK\ALF`@Vv@|@pDL`@JN?LGJOFeAhA{@p@_@`@[XeBnA_@N[@KODmAHs@DIROh@[hBuAbC}BBMAWOeAKYOEIDaCbBw@`@WFs@De@Lg@ZuAvAK@CGKg@EKQQ[OI?WJQPMVG`@g@fCKRMNSDK?QIS[GW?YBKh@q@l@eBGAGFg@|AONG?EBKx@@NHZFHNNFB\?NMLYt@gDJWZURAVDTRN^DP@b@Gd@Mh@[`Am@nA[b@_@\m@b@GFAJ@DFFtAM\KLKd@i@XU^GVHFPEZOFKLET@x@Cd@CPQT_@VCFBf@FB?UGm@qA`@K?IIK]YWc@?QD_@X]Z]N_@?SG?FDBX@PCd@Qn@e@^ONAVFPTNf@FNDXCRMb@Yd@FDBUXaA@YEMICQBcAVc@DAB@DB?b@Ez@WPKAYK]IKME_@AQFc@Vc@Z_@LO?[MUW@?MGAON]r@m@vAm@z@Yj@a@PURMAC@AKBiAt@uCtAQPQT}@hBi@v@_@b@_@\ORkA|@IHw@h@o@L@JFCNOLa@AkAF_@BUAGG@CJ@ZCd@D`AERg@Ha@He@\SFSKGIAUNo@D]CGGGIBGLBRFNJz@JPDB?CAFE?@@CBGBI{@?i@MWAGFKFABD?f@Bh@BXHLCLEJo@r@k@TO@a@ACGAMB{ABYFKAMGIG?GH@|@?r@?PGXCBQB]CKG@AGkBIi@Oa@e@k@q@_@GGAM@INMpAIlAc@dAg@f@IHIFMAKGASXWL]JgAf@[H[Bk@BYFSTU^GFIB{B@]BMDm@d@Q?UG]AwA?mAC{@@{@L}A^YAKI?[FsBBOR[JMJI^OtAUvAET@VDJCBKAKKC[NeA?eBTg@LKF_@^S`@Gd@CtA?x@DBDE@GGk@GUGCWCIH?NHLB@FGEG?OBEH?HDDJBz@H@xCq@\Gb@Cz@A`DTJ@LNCb@On@BTLL`AThB@b@GFE@EEMECE@MLIDYD{BKo@QIBi@b@YF{BE_@@O@YJk@^YJ[F[CYOSWEQGc@?S@{AH[ECGFAHBbBNtA?^Or@@v@BDFDFE?SM[?OD]JUDCTL\Hb@AFBLRBNFlBHF\EfBLxC@xAHx@@dBCD@FHHTGhB@fDDz@@BJE|AGVIHS@MC{DFcCEoBB_AC]BqBKq@KKAHLl@@PDvBAvAEhABNBdBAlDCt@?LDDNJVBjBEp@B~@CtBAZG`@QNADEPwBCWCCIEUEuBJiC@kCD_@EGCCKB_A?kADOLCh@AvIGp@CRDFNBVAj@@`AGXSDyAEc@ByE@mBBKJER@^?jBLPHB\@r@?`DI`B?^Ij@SPQDMJc@LuA@mBBqAJI^?~@JtBIHAPYF_@?UCk@Km@IS_BiCu@}AGGE?BNjApBTNF?HERSPEHLPf@Xj@F?@GSSq@mADOV_@XMZ@XLL\LI@MEGMKm@KMAYDKH{@bASPMNEPSnAIXQLWD[AKAQKCG@UJWEKCCE@ENDVAVCFMHsAIi@B[Hu@l@GN@JLDFCZq@DGVM^Gb@?vBJ\?XENIH[J}@DOHSD?H@FDZ`@Rp@RbB@RCj@BJL@h@IRDHVDDJ@FMEIMGLEtA?LFBPAVg@|CEp@[jB?DLHH@xCMj@@TCNWBQ?wBGUcAHmB@_@ACACM@OLi@IBETA^BLLLX@|AC`@E`@?FEOgAAi@HsAHCV?ZGLIb@k@zA}A?GEQWu@Mg@AeADs@FIn@e@PGLJFJ~@`CDEEQy@aBGMAQNW|@y@`Au@EDE??B@ECCIBa@f@]XQJ_@^IL@NHPFPFLDDAA@?JVPz@DJBIGOQUc@_AI[?SDOPU\UdA_ANKDMFDFJv@lBHXRHRTJP^t@p@fBS`@oEtDMNCPBAV]l@q@p@k@d@YLDNPl@xALTPH?HG@KKOo@y@kBBMNUr@m@@WESk@iAk@yA@MLU`B{ALIFK?Q}@kBEUMsAO]gAqAYOe@MOMCSBIJUnAmATYNY?a@ASk@aC[eBWiA?MH]f@s@Vk@To@f@qBNe@HeANeAp@qDN_ATwBAKKHAd@Iz@[bCS`AY`CCV?f@@RJ\RVZLL@^G|@e@`@Gj@ADAFKAcD@gBAcCBgBAuAFwACAEh@AjABVDPNFJB`C@LBLADABGCASHiDBEFC\ClA@`ADHPF~@ARHFC?CEKo@Dk@?KFE\@pAEhEBfAHXHHXDtCC`@?TBb@ElA?NMBi@AmCD_@Ce@DqCEmG?kA?IYc@CK?yDJ[AEGCELEt@AbB@d@BJ^~@DtBAnEGJUHaB@UEKSI}A?WAH@VNnAHRRFH?bBINDBLAxCBHRFN?~@CZGBI?SCcADoACcA@iBHe@E[ECEFCxADzHFLLBpAAXFBS?m@Gm@CD?HLhBHxDIVQ@QEk@DIDAHJ^rApCBF?FIm@GUiA}BKKm@GoABi@AAE@qAAg@BcABWDENEJ?hA@FB@CMG}BBe@CG@@B`@@NJHZ?jBCv@@VBDTF`@@z@?ZDZNXb@r@`BBHAJCBQHkFAg@BgAHQCw@DsE?y@CGCOKGc@EAE?CF?PLRJJb@NdABBNCN]t@U~@Cv@Mj@CRH@HILsBHa@`@sAF[JIZEfBCx@?`@BpCSzFCLFJRPd@?NCJULO?g@GmASs@D_@LeAvAYV}BpAa@XmAhA]`@eA|BYX_@Pq@Ti@XoBl@e@TEZ@PR~@l@zAHFNAJEzFuFp@k@RMd@O^Gb@Bn@Rj@ZLLT`@Pb@Nh@Hh@Dd@A`@K\Y^o@^[D[Am@Mo@UYUU[i@mAFWTi@l@aAJI\I^?NDZTLLZv@J`@?NGXULUEg@e@WEAD@FBHNP\FZ?LAJENU@KE]Ys@MO[[]Ka@COB[PUZ]`AKPK?GCKQWm@IOICQFg@d@GJCVHZhCjFz@pBV^r@xAj@lAN`@?NML{@\c@JCH?@JAVG\Mb@YJ?LHNRjAlCFFTBVSr@w@NSZYJS@MI_@u@}A[}@AIDMRWlBcBRITRRd@t@vBF`@OVeAz@sCnCe@^WXQ@QQmAqCKa@@Q|BmBvAwAzBuBbCsBTY`@[^_@hA}@BGLQTQRG?KI@GD[XM@ICWWYgAa@eAAK{A_Da@cAk@_ASu@GOIC?Jb@t@Rd@DVCRi@h@gBnAEAOSe@y@i@wAe@w@]aAEEA?HTVZNj@bAlBh@pA@PCPGJIJw@j@a@TEFDFHAj@u@d@a@CEGBEHWd@?FBLZp@LPFFLCRU\WPU`@Uj@o@@Iy@yACM[^a@ZELcA~@OVAHFNFPPVEKCb@Mn@?PFPTd@AI[u@LW@IBOAS@IJ?JXH@JIJO`A}@l@e@VY^Y^g@J?NNZ~@BN?HSVuBhBKFI?GEq@}AABP\Rr@LPJX|@~A`CfFjBtDp@dBr@rA`ArCb@dAJh@Bl@ATMl@e@`BKt@Kd@GHQHKA_@Ku@a@KKGK@YLg@NeB?w@AMGGKBAPP`@Bd@YbCGNEBK@e@OADv@^ZDp@RnAd@\Vd@P`@HN?b@Gn@]ZIN@l@PZBJCx@i@|@i@PEVBLHRZHXh@pAHb@ARDHHE?OaA{BIWOYKKWGI@yAx@_@NGL?FBNPHL?ZHHFFHDj@H?@OGQQWKEy@QmAe@a@Cc@Js@Xe@Bg@MuEoB{Cs@}AMEII[Sk@Qa@MIQH_@d@@TBDF@TEZYFCHDFFHX?XIJWBq@Im@?_@@[AOEGKOs@Oa@cAyBGUQc@QWSAQDk@@GBKJIPG@s@a@C??DB@?Ap@VNGLQJId@EVADBJRVZj@vA|@|AN^FR@VIHYDu@B]?KCEEcA{BIy@GUc@e@GW@Ld@b@Zh@JXJv@\dAFV?FEHGDW?_@KIKm@iBYe@[YKIMAI?e@XSE_@YyB_Cc@m@{BkEqBqEQi@LY`CwBH?LFj@dAhCxFZ~@JNF?POpAaBd@g@~EcEbGoFFCF@LLlAfCRl@AHOTq@f@iAdAIPDRZx@z@pBDTMPAJ@@PQDCPHzAfDNBLELItBiBLC@C@EAGo@eAcA{BSo@}A{CGGG?SF}@bAsAfA}BtBm@n@sBbBQJOCGIaBsDEEG?YNaAjAwBtCaEhGq@j@K@QUIa@Gs@CMKSYS[Gk@@SA}@@[FkAMs@AG@FDv@?NJBJLbBLt@DN\v@LLL@^Q\WLSAs@QiASy@@QLIL?v@JVDPJTf@HjAFZCZQX{AlAoArAe@n@[t@WbBOZMJaA`@ONCVNt@?PKLc@F?HLAZYDk@JKPG@MCG@EB??CAD?EA?@@DSJQHGb@ODEHa@LgAPs@Vg@j@s@^[N?l@j@PJh@J`DIPCb@Ib@OTKf@_@f@g@\a@Xk@E_@U]kCkCKSB@IKaDqGCI@MNEBECDACB@@CBBCCH?AKGADBBAABBECB
5859592167,mmsqFdcc`SJMGc@OKOAmA?y@DIVAP?|BErB@lKBlBChFDfFEjHBdHEtHHhNApPB`DAfH@bIA|GFfSCjDApWCxEApF@xACtGDzGExHDdMAE?FDB?VCxOB~DFfEEhBA`DBlB?`FCxCBlSE`GJl_@A~MDpK?xWDnGErBBnMHrLAlNBtBG~B?bKAd@S|AAz@DbARhBDnAApVBnEC|GFt_@AhHC\KVgArAUNe@d@_@p@S|@Cb@DnF@pMPhE?d@CbB@X?PELYLgIB_CFiM@uEPo@?KHs@RM`@An@LvGDzEBxSHfLAvSDvCAfDAjAOr@Hx@DlAFdDDbF@fJCbOBzNFvD?rDNdBb@jCbA`IH~@B^AjBKhHUbG?bBKvAq@pOKz@_@lCMrAIlBQzAK\[|@{BzDa@^QJ}AVY?{Ak@{@ASJy@j@i@Z}@^c@Ta@`@a@f@kBnC]r@St@Or@[|BE~@HvHJpCFbA^jDR~CL~@b@vBp@dGT~Ap@~C\rATtBtBnLfAzGj@fDb@xCNvAd@tIvBjh@PdC^~Bb@vA^v@x@rAl@r@p@l@fGvDfCfBp@l@rBxBnBlCjDbFlAhBdBvBd@v@LHD?HMAqA@sCMq@]q@c@kAM?@CCJd@l@\x@J`@Dl@FvFDDL?XOrAiAHCND`@dA`@z@Tt@ATIL_ErDKLILIV@TINANI?MFGP?NFVTp@t@bB|AvCHTDNK`@_A`A{@r@?DEBeCxBi@b@WLy@~@mCzBuKrJ{CxC{JjIiEvDmBnBqC~D{@tAIXFXX\z@x@z@~@XZDJCTELg@r@CJ@LNTALCBOAQ@ISHUn@q@Zm@?OKc@a@g@kAeAo@q@kDeHC]PIC?@@DECBD?ADCBBEE@@@
5853058122,w{uqFxzgaSFHVl@PTD@BPHVLFHAHHBPETBJF?bAeB?IUg@OUE?GBBH?D?OJOD?JHPn@@HE\_@n@ED@AGC?AFA?FkArAm@b@GECC@CG\U`@OLIPCJQBa@PELILg@\URMHC?EEG@EFIXED@HRF^?NW^]HEPDLHLTNPVLl@AvCSHB@LN^PUJCHFG^?@BA@H@?AD@@A?@AJk@G^KNBBCBLMMN@EEK@B?E@H?S?BFYIi@BKTQh@Sd@]PUVi@Z]?MAEEAKO[U_A}@sA}AA@BQNUNe@_@jAEBKMAUQw@g@mAG]QWCYk@eAAIBEDED??BFOAH@CA?FG@B@EFF?D?KI?BC?G@CE?FDADIGA?@BA@@EA@D?EB?G@DAEHDK?LGEBE?FJCKF@C@CL?@DG@DA@GGDE@AC?BCCBBC
5804130300,{fpqFf}j`SHFJn@A\?RHr@Bh@JLNCfBCMEm@Fg@CO@MFMJU@aDCILGRAlBBrBL~DEbEGfB?fDJpFGlFFXNRt@@z@EdDUt@EjBAh@@z@F`AA~@F`AEFEDOUgBEcBBOVCvCDfAA`@CZEZ?JM@_AGcG@oBAMQIaACkAB_@FSJUDcABe@?e@Ic@AmDDm@Cc@Ba@AGFFBb@It@FrBKdB?FA?ICGm@Bo@Ni@?]BGFHDTE^AvBLLQ@I?mAEaB?W?EMSkACeAHeABwA@QCAEKZCRJrLAlDBt@?~A@`ADf@AAGNBb@EpC?vCH~AEvDHhHAlB@~AGfE@pCLnE@tD?HEAANHJfADzBEr@@zAGf@DRDj@@fEEZ@?CDBC@`@GDK?SGeD?aEEeB@}ACkDB}@?cAC}L?iGEqEER?tBD~A?f@ENQBeAMs@B_AEgBF[?OGGB@@I?JAC?AEu@@_DEqADa@CEI?cFCi@?y@JKN@xAAvFHnAI^B`@AfAFzAALBHGHODc@@_AM{CBeCAaDBsABk@@BE@JBE@[c@_A?WIE?ELD@NAl@@RF?JE@HCBDJ??EKYKKMEQ?UFy@?M@FLTExADVDFABRDrADNPFT@ZIF@XEMFYB?BEC?GBAe@EKCGSAoDKaCEEa@GeA@KBEFBN?RFHEGKDDD@F?GBCAPAEBICI@E@?AHBDCECFB@CA@J?IFG@CCC@g@ICYA_@DIBNAREb@Ap@DTA`@DPJH@pBAbADlAIt@?T@XEnADTDFBBEEADG?KO?{@J_@@gBEcBBwBGc@?CBAPI`@B~AAbA@jCCfACjHDdDEXKDqCBoACsABi@CkFC}B?{@AiB?oBGaAFGC[@eFCwABBDEA?CABAA@?U@]@wGC_EDgPEaE@uEFqDCsA@gHAw@AcB?cACoEFuDCeGDGCGVAr@?pGAzGFxE?nD@fLCnE@hGDlE@r_@E`E@fAA`HKNy@GkE@cAAeWDgFBk@Bi@AM_@@wECyD?iOC_E@kHAyB@_BE{@QWgCHqCC{BD{BEg@@q@CcA@IGIe@BcACICACDDDHG?]GcBE_D@{IAi@EOUGu@DkBAwAEIDK|AG@YASGKFCZHl@?TKJI@SHGLIF]Bw@CqB?gABKIEAABFJbCAl@BfBCHAX]LELMKwADIVETLPCDGHcAAOEU[s@Ii@C}@DgAKKWGOA}@DkCBY?ICGBHFP@NJHVC^C`CBFLFASQ_@Cc@@gADi@CGc@O_B@Q`@Ip@EJg@Xa@?_@W]c@c@_@e@M}@?cEBsFEFACDCXH`BAh@MNYP]HOA]UUo@UqAGeA?YJu@x@cC@SIQY?SDuB@q@Hm@@{AEw@BwB?i@Ha@VQr@Kt@GZQH[IgAg@a@Kc@U]kAK}@Wy@eAsBK[O@DR^^bAfBHVN~@HRD@HCPSFWr@eEBkBDIh@Ep@DLCBA?HJ@FEDOAcF@cEAkA@iIEaB?wAAuE@cDAkAOa@UMwAFgBAu@G}BHcCCa@Bi@AMEqBD[E_@@GDIrB?j@Dr@YDs@CSCOM]m@M[UeAA]A_DO[c@CS@_@GYa@Ou@QwACy@AmD@g@DFCm@BG?@@QLIZEb@An@@HGAEGGMCg@CmD@mGNqDCsE?y@E_CDc@B?CE?aA@cCCmBKiBC]@WFOFWDc@@m@Ci@FCDCKBC@HB??AKAeAGU@QNK`@Cd@CpC@`@Ep@Ax@@fBDhCFrBFhADtB@xDAtBBtCCn@w@QaBC{ADoBBgB@{@AoABkCCoADqBEsA@y@EuCJmCQcAADDAFACl@HDCIJ\Cn@N`AAx@M|@AlADp@EHBVZ@?@GBD?HCEB@AJECAHJB@FBA@DMKC[GEG?@@HARJBA?GCF@CA@@G?FGQGGEIPMbCDrE?fAF~D@jGAdA@FFBt@GfD?bC@`ABXNFj@DdDClBDnAGfC@^EHBLLH@rAOp@Ah@BRCbCDp@D|AEx@Bf@ExEHnBABA@@ADFTBd@BlFDhZAvEDdE@dFBF?pKAtAWpDWzFa@tGCrA@jA@f@`@hHJr@ZNz@?ZDHRMhB?bBDlAAt@BzC?vACj@GF]H_AKUAQBOD[l@AZ@zEA|H@rH?hZDzHNdFRnD`@nEh@zEXhBbArFj@nCTt@ZVh@FbDIjA@tAEj@?HHHP?zCDb@LNRF~@@dECN@ABj@@JF@XApAIhACjA?fTE|E@vABVCx@BhBIpIDrFGjCBvANlCFtBAtGJxB^pDTbBj@|FVrBVtDjEjb@l@`HBnI?dDHl\DvF?xHBtBA~CBvBAvGExO?`DFjCCd@@vBL~@f@nCfAlFRlAhA|Fj@fCrApIdCfMj@fCLh@d@rAzBvFz@|BNj@d@bCRvAz@pHhAzI~AfKz@tG|@rH`@~ENzAd@`C`BjGlB|Jd@xA`@|AzA|GdB~Gd@xAjAtClAlD|A`ExBbFZh@hCfFd@v@|@zBp@nBNV^h@\v@bAfIRfAZbAr@xAd@p@tAxAv@|@dBfBzBhBb@b@NTf@~@f@bAhBlEpBdF?RCJa@^[LyAjAo@l@iAnAqC~BwAtAiF~DsFxE_BbBiB|AsClCqE|Ea@^W\?THNrAzBB@FGD?@G?B@ABDB??B@ELQ?CACNDCAQJ?ABD?IAF
5788178862,gjnqFrlcaS]m@@_@Gr@@IITJP?N?C?@DE?KPBJMBO?UBF?ZOb@Sd@Qt@Dz@RzAA\Cv@MNM@c@Ek@KwFiAMI@Ae@Qa@WcAe@WSo@m@U_@e@eAKi@OwAAsBFgARcAVw@l@qAE_@IOq@o@}BsAcBiAUYU]UgACg@?cDKwI@mBSMQCe@DUJm@`@UReAtAWT_A`@oD`@cACqDm@eAKeAAc@FmCr@}H~AcANeAAeAM_A_@y@g@m@m@gA}AW{@_@IMJQdAk@fAcDjGeHhMg@dAc@hA_AvCg@rB]jBa@vCSjBCt@GZUXIPS~@Uh@m@b@sBvBcAx@}BvBeHhG_CxBk@n@oC`C}HhHi@b@eE~D}@`Aw@p@o@`@SRDCmB|AeBbBwAjAy@x@k@l@{@x@o@d@MLSL{@v@aBdBiAbAeAhAmHzGuDzCcOzMqCjCw@p@}@~@uEpEORCFBJHZh@lARl@JJ\U?D@E@BDAA@BACA@B
5787899504,myuqFzsgaSE?BFAFKDSGOa@}@iBI_@?B\]t@m@dDeDpF}EzCsCx@{@bDuCnAmAjMyKfDeD~HeHnAcA`Au@p@u@lDiDvAiAf@SVAV?hATr@InDmAn@]n@g@zDsD`FmEpE}DnCmCpBgBnCiC`G}EP[Fc@F}ACoA@UT{@@S?UIi@GiA@oAF_AVmBTkAVmAt@mC~@gCt@aB|MiVb@o@VE^LZj@t@`An@f@t@\tAZx@H\?z@GjH}A`Cc@~@U|@K^@xCh@xBZ|@?xBWx@O\Kr@i@XW~@oAVQh@W\KVDL\@n@BjHC~DBlAThAP^TZXTfDpBh@\^^LZE^[b@Wp@Sz@QdACd@BrBPpBTfA^|@`@h@`@ZfD`Bf@NnCh@~Ch@^?JGPY?e@EeA[eBBo@j@cBBYGQ[MIIMS?D?GEZFQ@KBdA?CF?CA?GIO
5782721483,ixsqF|yeaSFACJEWKEG?KHEGSMIKc@cAi@aA?KECE?@BAEMG_@JaA`AmC|By@x@GDAG[Vc@b@]`@CD@@aBvAs@|@e@f@kCxBwCnCkCtBiBbB{ApAu@t@cAz@iE|D_A~@yBlBcC`CkAlAiAbAi@j@OXu@r@WP?JFANUjAiAJ@NR`@x@ANq@r@k@`@o@l@c@f@}@x@{@bAa@\s@d@QFAB@@DAJMf@YnEkEjAgA^e@\SH?RVR`@PG@C?CA?AD@CHABIGF?D?IB@JW?DABB?@DGA
5782271135,_~tqF`}|`SC?G^V]@Hl@J\BJLJTALOf@e@rK[dFe@dCMvAEvAI`BQ|@K\aAtBe@z@g@t@o@f@q@Nq@@m@O{@]SAc@NuAx@o@VkA`@y@fAkChED@`@_AnB_D\[XMHIXMd@MdCkAf@Gf@Jh@VTHp@?t@Op@a@TYtByD^}@TkARkEn@gELuAHeCd@{JDeBCWWQk@?mCHmCAaRBoJGmEFgEAaAAcHSkBA@E_B@aBQyE?}DX_ACaABKAEFMBKHIPGf@JjA~@rFrAlGrAjHTdAPhAdAxFt@rDtAjHt@xCxDfK\fAXhA\lB^hDz@fGv@~Ff@nCj@tDnApKr@vGp@~Ff@|BlAzEv@pDv@rF`@pBxAhFdCvJp@~BnAdDhBlFzA|D~C~GnB`EdAdCx@vB~ArCNp@bAhHb@dBN`@`@z@RXpAxAlB~BtClCdAz@h@l@^r@v@hBh@dAp@`BX~@j@jAV^EAHTPTRHH@PKh@k@f@a@t@u@jC_C^a@n@g@\SRLb@~@Vn@Zf@DDNA`@c@L?HFJPH^?u@CYECIAE@ELK?f@DKh@EMd@m@KCEEKW@MEE[x@E^GEAE@KJGHQDAEOAIEEPl@Bv@
5761896666,{_uqFjihaSTHNBD?@EC@?DPF?FIOc@CEEMEFDIAIGKHYGY@EBcAAM?ABQOOEAEKAWXALEAAFK?IESAKQQIIc@@KCQ?BB@EDZECC@GFEC?BLUHO@D@_@WGOKm@WOCIYIMRGCEBK?UKi@k@YSWc@SSOW_@c@ECWi@KCCa@KYOSAOIU][MSOMYi@Ie@@EXKC??BBE@@AECPCCDCCABICEBD@??CA@B?EBDAC?ADAEB@@C
5734934005,oyuqFrwgaSTD^t@DBD?n@i@Z]p@m@TOFQ@GEGCUBEVO^Y|@w@NSNCKSQMi@uA{@cBIUAQ_@a@AE?KDQNQl@e@HCH@HLDTXp@JD\o@Rm@FI^Wb@GT?RBJF\\Xj@HXDZANEHIFODe@@o@OA@JJDAl@FNGTANIJMA@ECBFEc@IYYk@IMQOy@U[@OF_@^ITGb@O^GHIBg@qAKMCOBKHMFCZY`@k@z@k@fB}AxDqDzJoI~J_JFKBBABJAHBRp@j@tA^^h@NFC\k@^]`@IRLNd@ZJNRFTD^@B@AECBF@NJPVdAVb@@NEXDNn@hAHJTd@JHb@p@f@jATNx@`Bb@v@HHVj@DDTLPPXj@RTb@l@@JZnAFh@M|BClAJbDF^@TLp@d@zABPEFSHOLI\EFwA|@k@f@INATRr@b@x@Lv@DJHb@FJ?VCVENMTAFHPBVFL^l@PPJNFj@f@zADr@EIAe@Ge@e@}@Ou@_@c@]o@IWA[KYMI_@@D?GMGGq@IYQKEEBANRz@?HCFOJWCUQKQGSEUUs@MeAMa@KCKBIDCH?NRTp@zAZd@VTXRNCPIH@BD\tA^xB\hAJTLLHH^LRK\[FABBA?A?DAVQAGCA@?C??GEQc@sAgBcCMUSSSE]?IEWOKQ]sBSu@Yq@Qk@CUDY@[Gk@Ok@AWHWUg@MOWq@DFEFDPP^Rv@l@bB@h@Sd@CPl@pBTb@Xz@F^T|@E^Lb@GPOFYDu@Q[_@Sc@S[E]EOc@cAGEOBEDBFIJ_@XG@U[i@Y][G?EBSCMUEEi@KSMw@kAGO?]GIQGIUFGG[_@m@AI@GNAt@m@@SGOs@eAaAcCYi@Oa@QWEOIKG]S]KY[g@k@yA[]QOG?SPg@n@g@\WXOFy@v@MPOHEHCPi@d@o@v@y@l@}ArA[Vq@x@m@b@e@f@u@j@S?GIQo@MSQ_@SWK_@OMCKMGB@KW@KI[Ue@IEQBMJMTeA`AOVSRCDDZELOH[Vg@\c@`@QVGBKCCGI_@w@oBASLWBBDJC@?J@GDJIKBB?IDK@?CBBG?HIDENDE@I
5732314997,}oejFpr|eSLNHL\NVXNF\`@\d@^V`@`@X`@v@l@BLl@f@H@^^LJF@JERWNUL_@\s@V]JMVCHDXf@TXb@\dAfAPLdB`BTJPERQx@yA?IVe@JKFOf@_Ad@kA^a@N[FCH@XVvAbBVPZ^RLxA~A|AnA`@d@DGLZBVNPOF@BIECBKLA?BGCBF?@BDHG@
5732170364,q_djFxe}eS@IJMHANDB?DIAEKKOc@{@qAQQICK?WV[p@w@tBINGBG?Yc@[WiAuAQKQBQLWj@Md@I?MMOWQUg@[_AiAIEGBQR]x@AFML]r@]~@q@nAIHI?SSSYgAaAkBqBo@c@S_@e@Ym@m@]]IOi@g@MGY]_CiB}@gAs@m@_@g@_@]CADDA@I?JQHECIBEEHADB@
5729331873,ooejFrs|eSPC?CCCDGAPEC@AGAQYBUDCA@GEBQT]FCDGG@ETMA[QA[GCIBIEWWSd@S@?CDGAAP?EAZYJC`@kAv@iAx@wAf@cAHUVg@HGJMBW\q@TYh@aAFIJGJFLTb@d@FNFBBFXVFJNFTTLXJF|@z@RJJLJDb@d@JADEH]`AsBTUFOHG@MCAE?EDS`@?HCHIL]z@Yb@KZ?XFNVPRVp@l@BZIB@BAAFFL@LPf@TLRn@b@B?BG\_Ah@QT@p@A\D|@?ZBJATB^Al@Dl@?TClAHd@E~BE|AHn@GF@BDBN?dBGjCBV@`A@TE\Dd@C`@EFOBc@Ce@Gg@[MAKDW`@ETUd@M^U`@IVANBHf@h@FHHFJLLFNNARBFD@?HC@@?K@GF?@E@CELK?Y?XCJDJ
5728419952,qrcjFpn_fSFPLJFQAIa@MaAo@E?u@{@gA}@aAmAg@_@e@k@SMm@k@aAiAUQ_AaAMGSSe@k@_@SGOSOKSOOk@i@QKm@o@u@o@u@{@YWw@{@SM_@YQY_@a@@Gw@o@SSMKMQWSANHHLHDHB@@CLLBEAIGCS?ECQWAJHJJBRVAE@SEEk@[KBEC@EDALFJJDNF@FCCQUQGMPe@?KF?FIb@u@N[@KB?DMTc@fA_BVy@z@oB|AgCXYHSBMEEIACBCJ@JB@LKVy@LM@MLO@MJYNSLKL]JQJILSVs@JOHEHQNe@LQVe@DQPUPa@F[Zq@f@@PJz@dAHLHXFFBAAAKHMAKJEJAA?GLLB?
5727844506,wcdjFfb}eSKZMJWj@[l@Sf@]h@Yp@i@x@kA|Bo@rAYr@e@z@k@pAQRIP?CIFIVa@t@KZAV@FLPf@Zh@d@LFTXVTAJMXMNUh@A?KLK`@e@t@EP@FFJfA`ATX`@\TJ\`@NHTRTN^d@f@`@HLALDDFE@MIEAFHNtBzBx@l@`AfAh@b@TRb@n@NLD?p@x@v@j@NFNJb@p@b@f@p@d@ZX?Te@r@Ub@EPBFd@TBIIQWOEAED@JHHBBLAIFDDj@\`@\l@n@|@r@`@l@jAjAVb@nBlBBR?d@I\GBa@?i@IEHFFREXABIM[AIDGRQCFKAMZ?LDRCDUAMKG?KHK?D?A@TEFDCn@?FCEKGUf@
5726854345,ihdjFzj}eSC]C@IQg@e@qA{A[UU[WWyAsAU]UQ?K_Aq@eA_AsA{AyAwAIO}AmA]c@Y[K?MNc@z@SJGAUMo@u@UQU[IGMOICQHMLO^yAjCO@UMc@a@GMOMKS_@[GSKGGAOJ[v@MPFQFMNIPCHGJSHAFHDPCBK?DWHKBM@@OFFD?CALC?@FYWYLILKHMVCBANDBCM@A@JCKA@HAGEAE@JCADKCR?EDFPYTO^UP@~@bAx@fAJTXL`@XnAhA^d@d@^|A|AF@TTXUJOdA{BNWJGD?HD|@jAx@p@NFN?ZSP]B]LGHDDDh@b@d@f@VNb@j@DBJ@HGLUXo@Va@`@aAJ_@HENDr@dA`B~AHLTP\\\X^b@b@\LAh@gAPGNHFNz@n@HNJ\NNKLIDT_@e@h@C?AOLHCB
5724467176,wedjFd||eSg@c@YMWa@m@e@s@w@KQEKCQ?g@@D@CEeA@aABq@GWAq@AIEASFiCEICOSGDENWb@Qb@EDOIw@{@ECG@GDa@v@y@fBOVMHWt@Wd@MHE?KGsBwB[UE?IH]|@KLKD_@WoB_CEEIAUV}AbDKNGBUSYY]UIMQOQYQQGMOQOMUIe@e@MWUY[YOGU[e@_@KMKQoAgAKQCOEAEFAFFJ\f@L?l@l@JP?NE?KHS^Md@_@`@M?M]?W@N`@fA?OOE]XI?ODWR[f@k@Zk@PCJD@TAN@DJC?@DFBVOARR`@RVDDDAZc@`@a@l@}@JGLEROdA}BVQTBFHHTXVJDFL`@`@`@RPXJBv@|@JVPLRRDLd@TT\RLLXFFVLb@h@VLDNv@n@V^pAjAHDN?b@KVOf@@`@DTI\?XIr@GF@FBJJNFr@v@XNJPVRLHNBHIv@qAHODQ^q@LKFALJLPJDVVRVlB~An@x@f@d@Vj@TRf@VNP\TJLh@f@ZNJCDH@PV\j@d@x@x@LFh@BPFx@C@EGIg@?_AFMAQGqBmBSQEI?MBSTKt@oA\w@BUKSMGYRM@@HFB@COMB@JN@AJFAC@BEC
5698483072,{xuqFvsgaSOJELCGIFEL@NVh@Pf@^p@Zv@\v@HFJAVUn@cA~DeFnBgB~@m@|AqA|BuB|FsF|@o@f@YbA{@h@i@f@o@lGgGbCwBLGFAx@w@`BuAp@u@b@[XMRJjAtCJPT@hAeAXQV[DCb@q@PAPKDIn@i@VYb@[hAiADIAOGM_@m@CONe@f@[HALDFFFPBFETBF`@z@AGAFB@CIe@}@ICGBGCHI?C@J?DC?@B@?OAB@KD@CE?GNAD@@
5696596253,g~rqFjifaSIC@ADFYaAO[Yg@e@eAUYOH[ZEJEPC@QEMDQZ]VYZg@b@KLSLMPy@n@aA|@o@r@[Vc@`@SNm@n@QC[o@W]mAaD}@cB]}@?BEEOAI@mCdCu@h@SRHFNEDG@QIIG?@@ELOJ{C~CuAbA{@`A}BtBsAv@QTi@`@Yd@c@Xc@f@MFWHg@l@y@j@_CpBYb@cE|DiBpAuBfBy@`A_@h@OLME]c@K?QLsBjBIBEACKm@aA[y@EC?IDETOCB
5695654954,}vuqFd{gaSBHLLVh@HBRCRe@Ze@vBwCl@q@bC_ChCwB^Y`FmEbDaDdBmAz@w@dBaB~FkF|A}ALITKAEHK~@gAlGoFlAgAd@g@n@g@FACC@EC@Z[VOl@k@t@i@t@u@n@g@HALJNn@HNRPh@lAXv@d@|@n@fBn@bALd@V\`@~@NNFAn@s@BAABFDPLGMB@JVATCH@HIYFJF@MTFPGBLPRNPCDE
5691743357,gyuqFpsgaSGN@JGGOFADAZDNTXx@pBr@xAVJJEj@cA`A{A`CwCpAmAnA_AbHkGzB_C`@]EEE?EDSZe@f@Cb@GLE@AELVL?DGCAIg@BI`@c@bCwBpAw@rBuB|BsBhG_G\UPB\o@fA_ALSdAw@TURMRUPBTn@NPPCdAs@^NJ@HCDIZWBIJ?Xb@ZATIt@u@f@a@NIv@}@AGQDICIM?KHLBTB@JICB@FLEf@k@BKAMW]MUB]AQNQ\SXNP`@t@nABVGPEHOD@BB?CCG]CACB?EK?BCDFGPD?SAHI?@F?BBBEM@CJGEACBEHACB?FPJEWPUFANXAFGB?DB?DSAc@_AmBIGYDYTQVE\`@bA?HGNSRKDIFWHGJEZYNy@x@AHUPI?MLK@QKCGI[CUG_@GKSMQ_@SYKEIY@MMMK]IIIMAKGGi@iAA[BKFMZSPEJ@Hd@FBNO@CB@?T?KEMGACBVAFABGAOQAGDE\?TRXBS?CSOE?EE?IJQHGFBBTGFE?GIA@JGD?HD^BNCHE\FHF@JNRPZDDBCC@DJP\p@fBP^`@n@PDH?d@_@D?FC@KA[W[OY@[HKH?FE^c@LCD@FDFRXn@t@dAZz@BRTh@DRNRf@|@d@vALVDBZCf@q@NOHAFh@I^EBK@?EJB@GLQ@OQCOHIL?FBNCFDAIC
5690903387,aotqF|ghaS~AVKGCKQIGGKO?QTo@B]Kq@w@kCaAqBQi@GEY@KPAHUDWRMEy@kBI[MSQSMEMD_@`@iAv@k@l@ELIJ]^y@d@EDAHIHMFKBMIKUICUEIEGIc@mA[e@GEG?q@XOQi@mA_@s@EY@WGA_@u@Ya@QDQLqBjBMR?RGVw@n@iAlAIBGGKSs@yAS_@DMLK?El@i@C?ALID
5690339452,iiuqFxxgaSR\Tj@p@hAPd@b@l@PIx@u@V]hAeAb@YfAoAZIVNT`@bA|BFDT?JGbAiAb@a@JCXFHL^x@L`@f@t@FXB\Xj@Ld@@Z?f@ET@PGT?FFPVN?FG^?J@BDEDQ@KCK
5688026540,_psqFzsgaSJRTVFV?LLh@HRz@x@l@b@ZJRPNZJd@P\R|@Bx@KtAo@lCIl@@z@AdADbAHr@Lb@PZNd@PbBHV?TA`@UrBCr@Kx@AfAElA@XAh@Ft@Ar@G`@Qf@Oz@CjASvAQlDLjA@~AF\Hd@R\\bBPl@PZDVJRHh@\fAP|@Rh@Vb@@JERC@FXCf@@QEA?CHBCKMQ@KA]Sc@Eg@I_@c@cAGc@Oq@AYg@yASsAGOc@o@Ka@@qASyBPu@?mA@]Ny@Dy@Jc@PgA?WFc@A_@DcAE{ABcCTeCDaABGLOF]AYEo@Se@_@uABMVWf@STSf@kAZ{@@G@Q?e@Ck@Gg@QeDGq@CEGmAIi@Su@GKGi@]}@MQO]KMm@eCC]Bi@AMB[AGGSKo@YgAMsACeACa@Ii@EMKMQ_@@QKc@IS]g@Yk@_@k@g@c@j@e@LOH[DGFCPW^Y?EKISe@a@i@Ka@_@}@BQHIPCTWJUPO\i@NIT[NK`@c@JEZYNIZk@X[XIr@e@LCF@R^L`@FDDGAIa@w@Wc@]o@y@oBSYg@_AKME[KUOWCIU[EO?ADBACKKCO}@oBU_@Sm@ABE@GI[s@o@kAY}@DYW[Ic@g@i@Ua@YaABQ\_@l@e@d@k@NIRSd@[n@o@NWx@i@jAkAFKZWHMXSfAgATKbAaAHSASGIMe@GECB?JVXDP?JCPKNWTy@`@CD@DF@XMJGHQNIV]DALBFDd@nACHg@\KNWRUXWP]\SXe@\g@f@IJ?BEDUZKHCF?N@F@FBBB??EGOKMIEONSLOXONqAbAELBNNXFTFCKYUc@m@uAEGM?UJMBQNKD_@b@oAhAg@^e@f@[N@?MRIFADBFFBXSPYXWPKNULILEN@DPNTf@nAZh@?ZCH]NkMpLyCbCKAIOg@sAO}@GM@COQMBc@\QVIVOTIX@FHV@HAlAEp@EHE^m@dA]\sAfAWV_An@o@z@_Ah@KBSBmAt@I?w@Gi@AcCD_@EkALo@D_@AqAB{AA]DMD{@bDSnBCz@s@zAGJc@^mAf@kAbAUJM@GFBPBFTLPPR^Nf@Fz@^fAP`@@HAJCFMJ_@Ri@d@k@n@GJATRTjAjCJDV[AG@MGGLDJ?HSDEOLK@?CATFO?@FHWBCBBA@D@C?DIBBG?GNG@@AAABL@
5687494131,otsqFrtgaSAGDAd@@h@JHFN@h@MH?FEDG?UYaBYs@S_@QUO]@OL]CIKMDBMA@F?EEFA?@AA?DMCJHIQJBCCHJPIb@P^`@f@N^Hf@NZR|AFRH~@Nh@@TSz@IEUJWTSZ?HFT?LILSPIPLZFBD?c@u@VMXUFCPDb@bAANa@fAY^GNJb@Dj@GZ_@ZFNFAJKBOQ?SK[GCBAG@?GCCB@LCHEBYEe@@GFEHPj@EHGJMJa@Fs@SMOISAWW]]q@c@}@m@XQR[Uq@YWWCB@FJTj@d@H?FPA?KPQNq@RG@YES[Og@a@IY@e@Fe@Vg@Ra@Di@BMFGAOQES?SHOD]?[Kk@I]i@}AsAyCOWWm@?Gi@mAa@gAEEIEORQDENGNYHILEGAOM]c@s@IYGKOe@Wi@BD[Je@h@q@l@[d@MJMTa@VO@KFk@r@uAhAQRUPOCMS]iA]i@ESEISYGCE?ECEOAq@OQESCCE?QDk@n@QJ{@|@MHAHDVET_@TMLc@TELQDMRGXCBQ@CBALDC@KQo@k@iA[g@?MBCNIBFABA?AEHCPOA@D@?C@D
5685343523,ixuqF`tgaS_ANMFFEPl@Xl@HJDTNLDHHBXYTMhAcAPUDIAMDS|AkA\a@JQFAHDNVHXB\x@jAfAxBNNLAj@a@f@i@bAw@d@k@t@o@v@}@XUf@a@v@e@f@g@LQVYbCmBBIAGs@aB_@o@[s@BOHMd@Q|@s@vDsDhBaBvA_B|BoB`@[^a@TQLQEIK@GPBDF@@I\IJQNOb@WNWf@k@RMNQr@s@TKhBeBf@]PQFIPI`AsAJELLLj@`@j@FBHEHORSTMp@u@^QKA[^SLCHDDBANUTKXYBAHBJNr@~ABn@CHKNDGBD@AMD@GRS@E
5682044011,{yuqFrsgaS@HIHCHM?KQEB?FDGCQQWY{@UYESBOHMf@g@j@c@d@e@Ba@COe@iA]oBOW_@_@k@w@GESCUMQEMJE?GECKPSAOR_@d@e@VOP]ZQFEH]Io@Qs@CQO_@c@yBYaAEQBKf@k@^o@^aARuALe@TO\LZb@TDj@Mj@a@TGd@ERFNPBL?b@BPd@`@d@GzGALGHO@c@GkA@{BCk@Dy@BqA?yBCqB@w@AIEA?@CACQEC?B@@D?BCGHJ@@KABBEE@F?CG?D@EE@@?AOGGI?KK?ICGFTXZETFQDCKNA`@B[EKAC@ABDAPLHCCBCIBAGDAAB@C@BGIEA?BAABAC@P@E@?IA@@?GK?FDFAF@A@@KN@CDDACHNBE?UKF?JBRAb@?`B@h@A|@GHHfB?\@NCd@FrAA\BLCd@B~@EV?JONDDJMPF^CJBP?t@GZFh@r@|@jBXz@Zd@J?f@Q`@s@h@]nFaFnA_AdAcAZSTg@RKxBoBx@o@bA_AlC{BHEJD`AvB\dAz@fBn@bBLRJBFLRn@PVj@zADNNRRb@`@r@Nh@d@z@CDI@EEGU?EHLCBAIA@I@D?C?FF@DCBDE
5676945937,k}rqFxjfaSEYCDFC?HAm@BSDKLKRMTi@b@a@PGRMbBcBj@c@nAmAX[lBkBnC}Bh@g@HGH@Te@LC`@]rAwAx@q@dBeBpE}Dr@q@f@o@`@SRWzAi@b@GPCdCEbAMnBo@|Be@vAe@v@QbCS|@Ef@Bl@Hj@?HDRBb@PLIVGRCx@Bn@KZAp@BfARHENDHH`@Cf@Br@INGP?VMD@DARARGt@i@HOXq@b@g@VQ\?d@OLQJI^OZSt@m@pBmApAiAt@u@`@W`EkDJSh@o@h@aAFADSj@}@Xk@b@iANYLMT?LEFGFSFGRG@BE?H@HFLBLFHPb@BnAVnAP|@BfARPCTFRCTQFK?KCQG_BQy@Ae@Jg@R]EMP]HWCQQUYGIKCMJLEDF_@CCGHk@cA@]FQLLHKAFHJIGBl@QbAFMZOONEMDJ@?IGGO@BFUBCj@MKVGTIt@@?@IKI_@o@?NDNNc@[dAJWh@]EBA??JBE@EQ\?KAHBOBJ@??GCDFJLFL^?PKr@Qj@G^P`DB`ACVUFKA{AWkCk@yAa@UO?KEK@Bc@QM@GFM\GD[RQX_@DMXCRKLS^_AjBaAbBaArAYXcAv@oBfBkEhDuExCSJUDUH[X[`@Yp@g@`@QHUHe@D_@JcABu@AmDW_BBiAEiDB{@G{@BcA?s@HYJo@LOHk@PyA^o@Rg@J[Li@Fi@@@@[Hu@Hc@COMk@iAQg@gAaCGGSEQD[RSHa@f@ITYVKPQBi@d@IBY`@qBrBgDrCuAzA]VELi@NMRGDCFYPe@f@KHE??BU\a@T{@|@IJYRa@h@]Pm@h@SXSRkAv@gAdAKJUd@OLOTgAdAAFDNc@XKLQF_@\g@PYTI@GB]`@ERSCMHgBfBKLAFE@EA@@e@`@gBtASTMBELYZ}@p@KJGPOTYJGHLXNx@Lf@^v@\h@@HELQPYD_A|@AF@Jb@b@Tt@T\X^\`ALv@@TKlCMb@Ov@KVAV^pAXtB\rABTG^GRMLs@\]Xo@XMNAH@RF\\v@Vd@HPBZP\Fj@G`@EDKB}@KASGCE\GBKEM?ODKJCHCPDZCRQJSBWAg@MMGIMcAeC_@q@_@XY`@E?QYKIe@QOOSIAH@F\`@\XFHBH?FEHSNq@J[GMKi@u@QI[EQ?YFcAj@UHq@BWLE?QQGQAULu@?OGc@Mc@_@aAKa@aAoC_@[O@QH_@d@KDECi@sAi@eAK[Q]KYMQEMGIK[MMKc@a@y@M?MHk@h@UZq@h@s@v@w@n@kAnAaAt@I?QOe@aAU_@GMQUS]SSCGB[CQIMGEE@GMGEG?E@_C`CCJFXCNe@^a@V{@~@MFGE@Cc@u@Ui@OMGY@MPOB?
5676412785,{yuqFztgaSKIDBMHWe@W}@g@mAAQFI^YfAaA|AaBbGoF\a@l@e@vMwLpBcBx@w@~HaHNQDI?GEAIHa@j@_@REECKIKa@}@GWS]C[YYCQDQt@e@j@e@RQNYHED?JDLPl@|AXd@@FJTZHFAFCNUb@YJELBBCEABBGBDLJLLHDEBK?UKMI@EFCO\SPSD@A?FURULGdCwBPIH?DPDA@@@ECHvA{BCn@?EQ\LUWh@?FAEFIGHQHq@VWDVMDACFAOv@GC@BDLJBPCBMBMXDLAJCF]e@GMCw@BMBDON?RDBCJ?EDIKQICKD[ZS^AHWLCFP`@Hh@l@tB`@dAJz@HDHr@@r@H\FPHJCPDFEHfAlBXVVNJPDJDDNQJBDAd@g@BGKi@?O\k@RMFO?GK[O?ABE?@FAVGQDLGIA@F@@FCMBSCZ@BGWGE?BEA@AOSNNI[HHC?DJPLNEHFDEH@FF@HAB?EDEPENIXKRATf@JNF@FEN]b@e@LINL\p@Vv@@REJ]^]HAFc@\c@VGHGXA?IMPA?CEELEAMH?BAA@
5671834821,kdtqFz|eaSHON@K??BKIGRB@KDEFI@G_@BEAIBEOJFHABJ@CME@LIACO?BKCHQLKLKDGFIEk@w@Oa@Y]Ak@Yk@IGC?ULC@AEKFGPe@p@GRBACL@NHJDJEr@@hAGf@Sb@S\G@GHi@n@u@n@u@d@uA~AQVIRQL[FYEUFMRM\KDKHE?UAm@UY@OFQ@KCG@qAEC?FBK?D@g@CW@UGQAi@JELMAGBQ?KHOAIBB?_@K]EI?]@SE_@JYAKH_@pAIp@Od@Ez@Ij@?d@]x@Q\M^WZOJSHUFQHW`@g@Z[XSFS@EFFR`@XNPBN?ZFLFC@UEQEEAFHj@Dx@BJB@CCVd@Th@@LAFGFw@f@QZCBE?UTEHB?WLGNBXXr@BBFIOi@O??FNHr@fBLVHFTKCH?CC@S?OOQWBBRCBB@FN^@G?Bb@]C?@@?F@BAAODBGIFMEMWY[u@}A@SLSnMyLpF_FnAoAvBcB~ByBp@m@^QXUl@w@hCeCtBmB?c@F\ZRFFj@HLRFVEVID@@CJBHFCBEVED?JFTXNb@BLKAWQAGJU@Q?TOPGHMA]^KBUMa@CIMEMOGEGIDEFQECBEPHZCHESB]AXAC?DC?IGKOIAFABI?@SCQI@G@AGL?FBFCBBUBC`@DFC?IIBGCEOC@KT?AE?GB@?DH?OLOBNJNBIGD@AE@@AC@@BBCC@?@@CEH@??ID@CA@@BA?KC@?CA@@A?C?@CBEAJ?EBFCAAE?@AHD@CGDBAA@BCCDR?ABQDAA@AECC@DADKEJAH@B?BAACBB@BCAKCE@BJ@CAUDEKDGJDFFKI?BWBDFAAAFDEC?BADA@BHG?GFBR@LFJ@HCb@UFDFVHHJHJDXC\BFEACJGL?SRYJCD^r@j@hBd@r@CB@A@B?HAFIHcAz@{@z@{BjBa@VuAdAQNADi@d@s@x@cBzAeAx@m@r@}C`CiB|Ag@\g@V{@h@g@^s@l@aAfA_B|Bu@|AKZGH{@_BG]_AeBO]I_@?BDFFAVFHEFSFFGMCFAA
5671010176,iyuqFvsgaS@??EBB@AE?DNC?EFK?ED@IKH?BIEGOS[c@eAWg@CI?GLWb@[bBaBX]b@]HALMD@?CABJWt@q@V[j@e@Z]XS`AcArAkA~AkAn@s@z@i@~CcDlC}Bd@g@z@q@`AaAhBaBvCeC~@_Ax@m@p@s@XSJADDXd@FBDLVIf@e@TE{@v@IBOQUe@GSf@]BG?GHG@@CFIDFLD@C?AJBMGG?C?@FJZLQGLDRKV?AAm@CFPMMPT_@WL@hAl@kAo@BDB??ADLEM
5665426788,mqsqFj`faS@X?Ig@h@}@p@IGa@gAMMKAOFIJKDSX]XEHQLCHe@^oAlAoAdAc@Zo@h@QHSGGe@Sa@gAiCmAcCQo@KGGKgAeCOUGSKICJ?JHL?j@@z@Ad@E\Wp@w@bAiDtCuAvAa@P]FIFYX]NI?QMq@H{AGc@BgAEF?BNACJFAEAA@BA?CKCBICL??DG?@CEAJ?ABBEG?DBEADAGE@?DB@HGHGAKII?wCTg@?]CI@SC_@Bk@EUBGF]`ASXQv@Cj@?l@Iz@BNEZ_@n@s@`Aa@Tg@TKHY\yA|@APDLLJPFXZDJDd@?d@BTJVNRTr@GXKPUTSLW\SLe@f@CF?HX\l@lAPf@FHFDHIHCDDCAJSB??ECBDA
5664047070,kyuqFzsgaSI@ED@HC?MBAHNl@b@v@x@nBLRJb@RDh@o@\m@|AqBjAqA|AqAh@g@pByA~@_Az@s@~DcEbB{A`@[l@]A@FA??dAs@dAiAvCqCt@{@`DyCxAoAf@k@\QZYX]hBcB~@s@dCuBvAyAfA_AR@HH`AbCNTN?DOFDKJCK@OADEIBLLGDBQEK[IE_@y@BDAPGJ?FGBS@s@v@I@KMKG?BHDGE@@@CSF}NlIsFnD]X[V~Q{I^k@\o@lBmBn@]\R@Q^G
